Game,National ID,Species,Generation,Added-species level gate,Postgame,Wild homes (map/channel)
firered,1,BULBASAUR,1,2,no,FR_ROUTE_1/land; FR_ROUTE_2/land
firered,2,IVYSAUR,1,16,no,FR_SAFARI_ZONE_WEST/land; FR_SEVEN_ISLAND_TANOBY_RUINS_MONEAN_CHAMBER/land
firered,3,VENUSAUR,1,32,no,FR_CERULEAN_CAVE_1F/land; FR_SIX_ISLAND_RUIN_VALLEY/land
firered,4,CHARMANDER,1,2,no,FR_ROUTE_1/land; FR_ROUTE_10/land
firered,5,CHARMELEON,1,16,no,FR_SAFARI_ZONE_CENTER/land; FR_SEVEN_ISLAND_TANOBY_RUINS_LIPTOO_CHAMBER/land
firered,6,CHARIZARD,1,36,no,FR_CERULEAN_CAVE_B1F/land; FR_SAFARI_ZONE_WEST/land
firered,7,SQUIRTLE,1,2,no,FR_FIVE_ISLAND_MEADOW/land; FR_ROUTE_1/land
firered,8,WARTORTLE,1,16,no,FR_CERULEAN_CAVE_1F/land; FR_SEVEN_ISLAND_TANOBY_RUINS_MONEAN_CHAMBER/land
firered,9,BLASTOISE,1,36,no,FR_CERULEAN_CAVE_2F/land; FR_SIX_ISLAND_RUIN_VALLEY/land
firered,10,CATERPIE,1,2,no,FR_ROUTE_2/land; FR_ROUTE_24/land; FR_ROUTE_25/land; FR_SIX_ISLAND_PATTERN_BUSH/land; FR_VIRIDIAN_FOREST/land
firered,11,METAPOD,1,7,no,FR_ROUTE_24/land; FR_ROUTE_25/land; FR_SIX_ISLAND_PATTERN_BUSH/land; FR_VIRIDIAN_FOREST/land
firered,12,BUTTERFREE,1,10,no,FR_ROUTE_24/land; FR_ROUTE_25/land
firered,13,WEEDLE,1,2,no,FR_ROUTE_2/land; FR_ROUTE_24/land; FR_ROUTE_25/land; FR_SIX_ISLAND_PATTERN_BUSH/land; FR_VIRIDIAN_FOREST/land
firered,14,KAKUNA,1,7,no,FR_ROUTE_24/land; FR_ROUTE_25/land; FR_SIX_ISLAND_PATTERN_BUSH/land; FR_VIRIDIAN_FOREST/land
firered,15,BEEDRILL,1,10,no,FR_ROUTE_24/land; FR_THREE_ISLAND_BERRY_FOREST/land
firered,16,PIDGEY,1,2,no,FR_FIVE_ISLAND_MEADOW/land; FR_ROUTE_1/land; FR_ROUTE_12/land; FR_ROUTE_13/land; FR_ROUTE_14/land; FR_ROUTE_15/land; FR_ROUTE_2/land; FR_ROUTE_24/land; FR_ROUTE_25/land; FR_ROUTE_3/land; FR_ROUTE_5/land; FR_ROUTE_6/land; FR_ROUTE_7/land; FR_ROUTE_8/land; FR_THREE_ISLAND_BERRY_FOREST/land; FR_THREE_ISLAND_BOND_BRIDGE/land
firered,17,PIDGEOTTO,1,18,no,FR_FIVE_ISLAND_MEADOW/land; FR_ROUTE_13/land; FR_ROUTE_14/land; FR_ROUTE_15/land; FR_THREE_ISLAND_BERRY_FOREST/land; FR_THREE_ISLAND_BOND_BRIDGE/land
firered,18,PIDGEOT,1,36,no,FR_ROUTE_14/land; FR_THREE_ISLAND_PORT/land
firered,19,RATTATA,1,2,no,FR_POKEMON_MANSION_1F/land; FR_POKEMON_MANSION_2F/land; FR_POKEMON_MANSION_3F/land; FR_POKEMON_MANSION_B1F/land; FR_ROUTE_1/land; FR_ROUTE_16/land; FR_ROUTE_17/land; FR_ROUTE_18/land; FR_ROUTE_2/land; FR_ROUTE_22/land; FR_ROUTE_4/land; FR_ROUTE_9/land
firered,20,RATICATE,1,20,no,FR_POKEMON_MANSION_1F/land; FR_POKEMON_MANSION_2F/land; FR_POKEMON_MANSION_3F/land; FR_POKEMON_MANSION_B1F/land; FR_ROUTE_16/land; FR_ROUTE_17/land; FR_ROUTE_18/land
firered,21,SPEAROW,1,2,no,FR_MT_EMBER_EXTERIOR/land; FR_ROUTE_10/land; FR_ROUTE_11/land; FR_ROUTE_16/land; FR_ROUTE_17/land; FR_ROUTE_18/land; FR_ROUTE_22/land; FR_ROUTE_23/land; FR_ROUTE_3/land; FR_ROUTE_4/land; FR_ROUTE_9/land; FR_SEVEN_ISLAND_SEVAULT_CANYON_ENTRANCE/land; FR_SIX_ISLAND_RUIN_VALLEY/land; FR_SIX_ISLAND_WATER_PATH/land; FR_TWO_ISLAND_CAPE_BRINK/land; SEVII_ONE_ISLAND_KINDLE_ROAD/land; SEVII_ONE_ISLAND_TREASURE_BEACH/land
firered,22,FEAROW,1,20,no,FR_MT_EMBER_EXTERIOR/land; FR_ROUTE_17/land; FR_ROUTE_18/land; FR_ROUTE_23/land; FR_SEVEN_ISLAND_SEVAULT_CANYON/land; FR_SEVEN_ISLAND_SEVAULT_CANYON_ENTRANCE/land; FR_SIX_ISLAND_RUIN_VALLEY/land; FR_SIX_ISLAND_WATER_PATH/land; FR_TWO_ISLAND_CAPE_BRINK/land; SEVII_ONE_ISLAND_KINDLE_ROAD/land; SEVII_ONE_ISLAND_TREASURE_BEACH/land
firered,23,EKANS,1,2,no,FR_ROUTE_10/land; FR_ROUTE_11/land; FR_ROUTE_23/land; FR_ROUTE_4/land; FR_ROUTE_8/land; FR_ROUTE_9/land
firered,24,ARBOK,1,22,no,FR_ROUTE_23/land; FR_VICTORY_ROAD_1F/land; FR_VICTORY_ROAD_2F/land; FR_VICTORY_ROAD_3F/land
firered,25,PIKACHU,1,2,no,FR_POWER_PLANT/land; FR_VIRIDIAN_FOREST/land
firered,26,RAICHU,1,40,no,FR_POWER_PLANT/land
firered,27,SANDSHREW,1,2,no,FR_CERULEAN_CAVE_1F/rocks; FR_MT_MOON_1F/land; FR_SEVEN_ISLAND_SEVAULT_CANYON/land; FR_SEVEN_ISLAND_SEVAULT_CANYON/rocks
firered,28,SANDSLASH,1,22,no,FR_MT_EMBER_RUBY_PATH_B2F_STAIRS/rocks; FR_MT_EMBER_SUMMIT_PATH_2F/rocks; FR_SIX_ISLAND_ALTERING_CAVE/land; FR_VICTORY_ROAD_1F/land
firered,29,NIDORAN_F,1,2,no,FR_ROUTE_3/land; FR_SAFARI_ZONE_EAST/land; FR_SAFARI_ZONE_WEST/land
firered,30,NIDORINA,1,16,no,FR_SAFARI_ZONE_CENTER/land; FR_SAFARI_ZONE_NORTH/land
firered,31,NIDOQUEEN,1,40,no,FR_ROUTE_15/land; FR_TWO_ISLAND_CAPE_BRINK/land
firered,32,NIDORAN_M,1,2,no,FR_ROUTE_3/land; FR_SAFARI_ZONE_CENTER/land; FR_SAFARI_ZONE_EAST/land; FR_SAFARI_ZONE_NORTH/land; FR_SAFARI_ZONE_WEST/land
firered,33,NIDORINO,1,16,no,FR_SAFARI_ZONE_CENTER/land; FR_SAFARI_ZONE_EAST/land; FR_SAFARI_ZONE_NORTH/land; FR_SAFARI_ZONE_WEST/land
firered,34,NIDOKING,1,40,no,FR_ROUTE_23/land; FR_TWO_ISLAND_CAPE_BRINK/land
firered,35,CLEFAIRY,1,25,no,FR_MT_MOON_1F/land; FR_MT_MOON_B2F/land
firered,36,CLEFABLE,1,40,no,FR_CERULEAN_CAVE_1F/land; FR_SIX_ISLAND_RUIN_VALLEY/land
firered,37,VULPIX,1,2,no,FR_MT_EMBER_RUBY_PATH_B1F_STAIRS/land; FR_POKEMON_MANSION_1F/land
firered,38,NINETALES,1,25,no,FR_MT_EMBER_RUBY_PATH_1F/land; FR_POKEMON_MANSION_2F/land
firered,39,JIGGLYPUFF,1,25,no,FR_CERULEAN_CAVE_2F/land; FR_ROUTE_3/land
firered,40,WIGGLYTUFF,1,40,no,FR_CERULEAN_CAVE_B1F/land; FR_SIX_ISLAND_RUIN_VALLEY/land
firered,41,ZUBAT,1,2,no,FR_FIVE_ISLAND_LOST_CAVE_ROOM1/land; FR_FIVE_ISLAND_LOST_CAVE_ROOM10/land; FR_FIVE_ISLAND_LOST_CAVE_ROOM11/land; FR_FIVE_ISLAND_LOST_CAVE_ROOM12/land; FR_FIVE_ISLAND_LOST_CAVE_ROOM13/land; FR_FIVE_ISLAND_LOST_CAVE_ROOM14/land; FR_FIVE_ISLAND_LOST_CAVE_ROOM2/land; FR_FIVE_ISLAND_LOST_CAVE_ROOM3/land; FR_FIVE_ISLAND_LOST_CAVE_ROOM4/land; FR_FIVE_ISLAND_LOST_CAVE_ROOM5/land; FR_FIVE_ISLAND_LOST_CAVE_ROOM6/land; FR_FIVE_ISLAND_LOST_CAVE_ROOM7/land; FR_FIVE_ISLAND_LOST_CAVE_ROOM8/land; FR_FIVE_ISLAND_LOST_CAVE_ROOM9/land; FR_FOUR_ISLAND_ICEFALL_CAVE_1F/land; FR_FOUR_ISLAND_ICEFALL_CAVE_B1F/land; FR_FOUR_ISLAND_ICEFALL_CAVE_BACK/land; FR_FOUR_ISLAND_ICEFALL_CAVE_ENTRANCE/land; FR_MT_EMBER_RUBY_PATH_B1F/rocks; FR_MT_MOON_1F/land; FR_MT_MOON_B2F/land; FR_ROCK_TUNNEL_1F/land; FR_ROCK_TUNNEL_B1F/land; FR_SEAFOAM_ISLANDS_1F/land; FR_SEAFOAM_ISLANDS_B1F/land; FR_SEAFOAM_ISLANDS_B2F/land; FR_SEAFOAM_ISLANDS_B3F/land; FR_SEVEN_ISLAND_SEVAULT_CANYON/rocks; FR_SIX_ISLAND_ALTERING_CAVE/land; FR_VICTORY_ROAD_1F/land; FR_VICTORY_ROAD_2F/land; FR_VICTORY_ROAD_3F/land
firered,42,GOLBAT,1,22,no,FR_CERULEAN_CAVE_1F/land; FR_CERULEAN_CAVE_1F/rocks; FR_CERULEAN_CAVE_2F/land; FR_CERULEAN_CAVE_B1F/land; FR_FIVE_ISLAND_LOST_CAVE_ROOM1/land; FR_FIVE_ISLAND_LOST_CAVE_ROOM10/land; FR_FIVE_ISLAND_LOST_CAVE_ROOM11/land; FR_FIVE_ISLAND_LOST_CAVE_ROOM12/land; FR_FIVE_ISLAND_LOST_CAVE_ROOM13/land; FR_FIVE_ISLAND_LOST_CAVE_ROOM14/land; FR_FIVE_ISLAND_LOST_CAVE_ROOM2/land; FR_FIVE_ISLAND_LOST_CAVE_ROOM3/land; FR_FIVE_ISLAND_LOST_CAVE_ROOM4/land; FR_FIVE_ISLAND_LOST_CAVE_ROOM5/land; FR_FIVE_ISLAND_LOST_CAVE_ROOM6/land; FR_FIVE_ISLAND_LOST_CAVE_ROOM7/land; FR_FIVE_ISLAND_LOST_CAVE_ROOM8/land; FR_FIVE_ISLAND_LOST_CAVE_ROOM9/land; FR_FOUR_ISLAND_ICEFALL_CAVE_1F/land; FR_FOUR_ISLAND_ICEFALL_CAVE_B1F/land; FR_FOUR_ISLAND_ICEFALL_CAVE_BACK/land; FR_FOUR_ISLAND_ICEFALL_CAVE_ENTRANCE/land; FR_MT_EMBER_RUBY_PATH_B1F_STAIRS/rocks; FR_SEAFOAM_ISLANDS_1F/land; FR_SEAFOAM_ISLANDS_B1F/land; FR_SEAFOAM_ISLANDS_B2F/land; FR_SEAFOAM_ISLANDS_B3F/land; FR_SEAFOAM_ISLANDS_B4F/land; FR_VICTORY_ROAD_1F/land; FR_VICTORY_ROAD_2F/land; FR_VICTORY_ROAD_3F/land
firered,43,ODDISH,1,2,no,FR_ROUTE_12/land; FR_ROUTE_13/land; FR_ROUTE_14/land; FR_ROUTE_15/land; FR_ROUTE_24/land; FR_ROUTE_25/land; FR_ROUTE_5/land; FR_ROUTE_6/land; FR_ROUTE_7/land; FR_SIX_ISLAND_WATER_PATH/land; FR_THREE_ISLAND_BERRY_FOREST/land; FR_THREE_ISLAND_BOND_BRIDGE/land; FR_TWO_ISLAND_CAPE_BRINK/land
firered,44,GLOOM,1,21,no,FR_ROUTE_12/land; FR_ROUTE_13/land; FR_ROUTE_14/land; FR_ROUTE_15/land; FR_SIX_ISLAND_WATER_PATH/land; FR_THREE_ISLAND_BERRY_FOREST/land; FR_THREE_ISLAND_BOND_BRIDGE/land; FR_TWO_ISLAND_CAPE_BRINK/land
firered,45,VILEPLUME,1,40,no,FR_SAFARI_ZONE_EAST/land; FR_THREE_ISLAND_BOND_BRIDGE/land
firered,46,PARAS,1,2,no,FR_MT_MOON_1F/land; FR_MT_MOON_B1F/land; FR_MT_MOON_B2F/land; FR_SAFARI_ZONE_EAST/land; FR_SAFARI_ZONE_NORTH/land
firered,47,PARASECT,1,24,no,FR_CERULEAN_CAVE_1F/land; FR_CERULEAN_CAVE_2F/land; FR_CERULEAN_CAVE_B1F/land; FR_SAFARI_ZONE_CENTER/land; FR_SAFARI_ZONE_EAST/land
firered,48,VENONAT,1,2,no,FR_ROUTE_12/land; FR_ROUTE_13/land; FR_ROUTE_14/land; FR_ROUTE_15/land; FR_SAFARI_ZONE_CENTER/land; FR_SAFARI_ZONE_WEST/land; FR_THREE_ISLAND_BERRY_FOREST/land; FR_THREE_ISLAND_BOND_BRIDGE/land
firered,49,VENOMOTH,1,31,no,FR_SAFARI_ZONE_NORTH/land; FR_SAFARI_ZONE_WEST/land; FR_THREE_ISLAND_BERRY_FOREST/land
firered,50,DIGLETT,1,2,no,FR_DIGLETTS_CAVE_B1F/land; FR_MT_MOON_B2F/land; FR_ROCK_TUNNEL_B1F/rocks; SEVII_ONE_ISLAND_KINDLE_ROAD/rocks
firered,51,DUGTRIO,1,26,no,FR_DIGLETTS_CAVE_B1F/land; FR_MT_EMBER_SUMMIT_PATH_2F/rocks; FR_ROCK_TUNNEL_B1F/land; FR_ROCK_TUNNEL_B1F/rocks
firered,52,MEOWTH,1,2,no,FR_FIVE_ISLAND_MEADOW/land; FR_ROUTE_5/land; FR_ROUTE_6/land; FR_ROUTE_7/land; FR_ROUTE_8/land; FR_SEVEN_ISLAND_SEVAULT_CANYON/land; FR_SEVEN_ISLAND_SEVAULT_CANYON_ENTRANCE/land; FR_SIX_ISLAND_RUIN_VALLEY/land; FR_SIX_ISLAND_WATER_PATH/land; FR_THREE_ISLAND_BOND_BRIDGE/land; FR_TWO_ISLAND_CAPE_BRINK/land; SEVII_ONE_ISLAND_KINDLE_ROAD/land; SEVII_ONE_ISLAND_TREASURE_BEACH/land
firered,53,PERSIAN,1,28,no,FR_FIVE_ISLAND_MEADOW/land; FR_SEVEN_ISLAND_SEVAULT_CANYON/land; FR_SEVEN_ISLAND_SEVAULT_CANYON_ENTRANCE/land; FR_SIX_ISLAND_RUIN_VALLEY/land; FR_SIX_ISLAND_WATER_PATH/land; FR_THREE_ISLAND_BOND_BRIDGE/land; FR_TWO_ISLAND_CAPE_BRINK/land; SEVII_ONE_ISLAND_KINDLE_ROAD/land; SEVII_ONE_ISLAND_TREASURE_BEACH/land
firered,54,PSYDUCK,1,2,no,FR_CELADON_CITY/water; FR_CERULEAN_CAVE_1F/fishing; FR_CERULEAN_CAVE_1F/water; FR_CERULEAN_CAVE_B1F/fishing; FR_CERULEAN_CAVE_B1F/water; FR_CERULEAN_CITY/fishing; FR_CINNABAR_ISLAND/fishing; FR_FIVE_ISLAND/fishing; FR_FIVE_ISLAND_MEADOW/fishing; FR_FIVE_ISLAND_MEADOW/land; FR_FIVE_ISLAND_MEMORIAL_PILLAR/fishing; FR_FIVE_ISLAND_RESORT_GORGEOUS/fishing; FR_FIVE_ISLAND_WATER_LABYRINTH/fishing; FR_FOUR_ISLAND/fishing; FR_FOUR_ISLAND/water; FR_FOUR_ISLAND_ICEFALL_CAVE_BACK/fishing; FR_FOUR_ISLAND_ICEFALL_CAVE_BACK/land; FR_FOUR_ISLAND_ICEFALL_CAVE_ENTRANCE/fishing; FR_FOUR_ISLAND_ICEFALL_CAVE_ENTRANCE/land; FR_FOUR_ISLAND_ICEFALL_CAVE_ENTRANCE/water; FR_FUCHSIA_CITY/fishing; FR_FUCHSIA_CITY/water; FR_PALLET_TOWN/fishing; FR_ROUTE_10/fishing; FR_ROUTE_11/fishing; FR_ROUTE_12/fishing; FR_ROUTE_13/fishing; FR_ROUTE_19/fishing; FR_ROUTE_20/fishing; FR_ROUTE_21_NORTH/fishing; FR_ROUTE_21_SOUTH/fishing; FR_ROUTE_22/fishing; FR_ROUTE_22/water; FR_ROUTE_23/fishing; FR_ROUTE_23/water; FR_ROUTE_24/fishing; FR_ROUTE_25/fishing; FR_ROUTE_25/water; FR_ROUTE_4/fishing; FR_ROUTE_6/fishing; FR_ROUTE_6/water; FR_SAFARI_ZONE_CENTER/fishing; FR_SAFARI_ZONE_CENTER/water; FR_SAFARI_ZONE_EAST/fishing; FR_SAFARI_ZONE_EAST/water; FR_SAFARI_ZONE_NORTH/fishing; FR_SAFARI_ZONE_NORTH/water; FR_SAFARI_ZONE_WEST/fishing; FR_SAFARI_ZONE_WEST/water; FR_SEAFOAM_ISLANDS_1F/land; FR_SEAFOAM_ISLANDS_B1F/land; FR_SEAFOAM_ISLANDS_B2F/land; FR_SEAFOAM_ISLANDS_B3F/fishing; FR_SEAFOAM_ISLANDS_B3F/land; FR_SEAFOAM_ISLANDS_B3F/water; FR_SEAFOAM_ISLANDS_B4F/fishing; FR_SEAFOAM_ISLANDS_B4F/land; FR_SEAFOAM_ISLANDS_B4F/water; FR_SEVEN_ISLAND_SEVAULT_CANYON_ENTRANCE/land; FR_SEVEN_ISLAND_TANOBY_RUINS/fishing; FR_SEVEN_ISLAND_TRAINER_TOWER/fishing; FR_SIX_ISLAND_GREEN_PATH/fishing; FR_SIX_ISLAND_OUTCAST_ISLAND/fishing; FR_SIX_ISLAND_RUIN_VALLEY/fishing; FR_SIX_ISLAND_RUIN_VALLEY/land; FR_SIX_ISLAND_WATER_PATH/fishing; FR_SIX_ISLAND_WATER_PATH/land; FR_SSANNE_EXTERIOR/fishing; FR_THREE_ISLAND_BERRY_FOREST/fishing; FR_THREE_ISLAND_BERRY_FOREST/land; FR_THREE_ISLAND_BERRY_FOREST/water; FR_THREE_ISLAND_BOND_BRIDGE/fishing; FR_THREE_ISLAND_BOND_BRIDGE/land; FR_TWO_ISLAND_CAPE_BRINK/fishing; FR_TWO_ISLAND_CAPE_BRINK/land; FR_TWO_ISLAND_CAPE_BRINK/water; FR_VERMILION_CITY/fishing; FR_VIRIDIAN_CITY/fishing; FR_VIRIDIAN_CITY/water; SEVII_ONE_ISLAND/fishing; SEVII_ONE_ISLAND_KINDLE_ROAD/fishing; SEVII_ONE_ISLAND_KINDLE_ROAD/land; SEVII_ONE_ISLAND_TREASURE_BEACH/fishing; SEVII_ONE_ISLAND_TREASURE_BEACH/land
firered,55,GOLDUCK,1,33,no,FR_CERULEAN_CAVE_1F/water; FR_CERULEAN_CAVE_B1F/water; FR_ROUTE_22/fishing; FR_ROUTE_23/fishing; FR_SEAFOAM_ISLANDS_B1F/land; FR_SEAFOAM_ISLANDS_B2F/land; FR_SEAFOAM_ISLANDS_B3F/land; FR_SEAFOAM_ISLANDS_B3F/water; FR_SEAFOAM_ISLANDS_B4F/land; FR_SEAFOAM_ISLANDS_B4F/water; FR_THREE_ISLAND_BERRY_FOREST/water; FR_TWO_ISLAND_CAPE_BRINK/land; FR_TWO_ISLAND_CAPE_BRINK/water
firered,56,MANKEY,1,2,no,FR_ROCK_TUNNEL_1F/land; FR_ROCK_TUNNEL_B1F/land; FR_ROUTE_22/land; FR_ROUTE_23/land; FR_ROUTE_3/land; FR_ROUTE_4/land
firered,57,PRIMEAPE,1,28,no,FR_CERULEAN_CAVE_1F/land; FR_ROUTE_23/land; FR_VICTORY_ROAD_2F/land
firered,58,GROWLITHE,1,2,no,FR_POKEMON_MANSION_1F/land; FR_POKEMON_MANSION_2F/land; FR_POKEMON_MANSION_3F/land; FR_POKEMON_MANSION_B1F/land; FR_ROUTE_7/land; FR_ROUTE_8/land
firered,59,ARCANINE,1,25,no,FR_MT_EMBER_RUBY_PATH_B1F_STAIRS/land; FR_POKEMON_MANSION_B1F/land
firered,60,POLIWAG,1,2,no,FR_CERULEAN_CAVE_1F/fishing; FR_CERULEAN_CAVE_B1F/fishing; FR_FOUR_ISLAND/fishing; FR_FOUR_ISLAND_ICEFALL_CAVE_ENTRANCE/fishing; FR_FUCHSIA_CITY/fishing; FR_ROUTE_22/fishing; FR_ROUTE_23/fishing; FR_ROUTE_25/fishing; FR_ROUTE_6/fishing; FR_ROUTE_6/land; FR_SAFARI_ZONE_CENTER/fishing; FR_SAFARI_ZONE_EAST/fishing; FR_SAFARI_ZONE_NORTH/fishing; FR_SAFARI_ZONE_NORTH/land; FR_SAFARI_ZONE_NORTH/water; FR_SAFARI_ZONE_WEST/fishing; FR_SIX_ISLAND_RUIN_VALLEY/fishing; FR_THREE_ISLAND_BERRY_FOREST/fishing; FR_TWO_ISLAND_CAPE_BRINK/fishing; FR_TWO_ISLAND_CAPE_BRINK/water; FR_VIRIDIAN_CITY/fishing
firered,61,POLIWHIRL,1,25,no,FR_CELADON_CITY/water; FR_CERULEAN_CAVE_1F/fishing; FR_CERULEAN_CAVE_B1F/fishing; FR_FOUR_ISLAND/fishing; FR_FOUR_ISLAND_ICEFALL_CAVE_ENTRANCE/fishing; FR_ROUTE_12/land; FR_ROUTE_22/fishing; FR_ROUTE_23/fishing; FR_ROUTE_25/fishing; FR_ROUTE_6/fishing; FR_SAFARI_ZONE_EAST/water; FR_SAFARI_ZONE_NORTH/land; FR_SIX_ISLAND_RUIN_VALLEY/fishing; FR_TWO_ISLAND_CAPE_BRINK/fishing; FR_VIRIDIAN_CITY/fishing
firered,62,POLIWRATH,1,40,no,FR_CELADON_CITY/fishing; FR_FUCHSIA_CITY/water; FR_SAFARI_ZONE_NORTH/land; FR_SAFARI_ZONE_NORTH/water
firered,63,ABRA,1,2,no,FR_ROUTE_24/land; FR_ROUTE_25/land
firered,64,KADABRA,1,16,no,FR_CERULEAN_CAVE_2F/land; FR_CERULEAN_CAVE_B1F/land
firered,65,ALAKAZAM,1,40,no,FR_SAFARI_ZONE_CENTER/land; FR_SAFARI_ZONE_WEST/land
firered,66,MACHOP,1,2,no,FR_CERULEAN_CAVE_B1F/rocks; FR_MT_EMBER_EXTERIOR/land; FR_MT_EMBER_RUBY_PATH_1F/land; FR_MT_EMBER_SUMMIT_PATH_1F/land; FR_MT_EMBER_SUMMIT_PATH_2F/land; FR_MT_EMBER_SUMMIT_PATH_3F/land; FR_ROCK_TUNNEL_1F/land; FR_ROCK_TUNNEL_B1F/land; FR_ROCK_TUNNEL_B1F/rocks; FR_VICTORY_ROAD_1F/land; FR_VICTORY_ROAD_2F/land; FR_VICTORY_ROAD_3F/land
firered,67,MACHOKE,1,28,no,FR_CERULEAN_CAVE_1F/land; FR_CERULEAN_CAVE_2F/land; FR_CERULEAN_CAVE_B1F/land; FR_MT_EMBER_RUBY_PATH_1F/land; FR_MT_EMBER_RUBY_PATH_1F/rocks; FR_MT_EMBER_SUMMIT_PATH_2F/land; FR_SEVEN_ISLAND_SEVAULT_CANYON/rocks; FR_VICTORY_ROAD_1F/land; FR_VICTORY_ROAD_2F/land; FR_VICTORY_ROAD_3F/land
firered,68,MACHAMP,1,40,no,FR_CERULEAN_CAVE_1F/rocks; FR_CERULEAN_CAVE_2F/rocks; FR_VICTORY_ROAD_1F/land; FR_VICTORY_ROAD_3F/land
firered,69,BELLSPROUT,1,2,no,FR_ROUTE_25/land; FR_VIRIDIAN_FOREST/land
firered,70,WEEPINBELL,1,21,no,FR_ROUTE_25/land; FR_THREE_ISLAND_BERRY_FOREST/land
firered,71,VICTREEBEL,1,40,no,FR_SAFARI_ZONE_EAST/land; FR_THREE_ISLAND_BOND_BRIDGE/land
firered,72,TENTACOOL,1,2,no,FR_CERULEAN_CITY/water; FR_CINNABAR_ISLAND/water; FR_FIVE_ISLAND/water; FR_FIVE_ISLAND_MEADOW/water; FR_FIVE_ISLAND_MEMORIAL_PILLAR/water; FR_FIVE_ISLAND_RESORT_GORGEOUS/water; FR_FIVE_ISLAND_WATER_LABYRINTH/water; FR_FOUR_ISLAND_ICEFALL_CAVE_BACK/fishing; FR_FOUR_ISLAND_ICEFALL_CAVE_BACK/water; FR_PALLET_TOWN/water; FR_ROUTE_10/water; FR_ROUTE_11/water; FR_ROUTE_12/water; FR_ROUTE_13/water; FR_ROUTE_19/fishing; FR_ROUTE_19/water; FR_ROUTE_20/water; FR_ROUTE_21_NORTH/water; FR_ROUTE_21_SOUTH/water; FR_ROUTE_24/water; FR_ROUTE_4/water; FR_SEVEN_ISLAND_TANOBY_RUINS/water; FR_SEVEN_ISLAND_TRAINER_TOWER/water; FR_SIX_ISLAND_GREEN_PATH/water; FR_SIX_ISLAND_OUTCAST_ISLAND/water; FR_SIX_ISLAND_WATER_PATH/water; FR_SSANNE_EXTERIOR/water; FR_THREE_ISLAND_BOND_BRIDGE/water; FR_VERMILION_CITY/water; SEVII_ONE_ISLAND/water; SEVII_ONE_ISLAND_KINDLE_ROAD/water; SEVII_ONE_ISLAND_TREASURE_BEACH/water
firered,73,TENTACRUEL,1,30,no,FR_FIVE_ISLAND/fishing; FR_FIVE_ISLAND/water; FR_FIVE_ISLAND_MEADOW/water; FR_FIVE_ISLAND_MEMORIAL_PILLAR/water; FR_FIVE_ISLAND_RESORT_GORGEOUS/water; FR_FIVE_ISLAND_WATER_LABYRINTH/water; FR_FOUR_ISLAND_ICEFALL_CAVE_BACK/water; FR_ROUTE_20/fishing; FR_SEVEN_ISLAND_TANOBY_RUINS/water; FR_SEVEN_ISLAND_TRAINER_TOWER/water; FR_SIX_ISLAND_GREEN_PATH/water; FR_SIX_ISLAND_OUTCAST_ISLAND/water; FR_SIX_ISLAND_WATER_PATH/water; FR_THREE_ISLAND_BOND_BRIDGE/water; SEVII_ONE_ISLAND/water; SEVII_ONE_ISLAND_KINDLE_ROAD/water; SEVII_ONE_ISLAND_TREASURE_BEACH/water
firered,74,GEODUDE,1,2,no,FR_CERULEAN_CAVE_1F/rocks; FR_CERULEAN_CAVE_2F/rocks; FR_CERULEAN_CAVE_B1F/rocks; FR_MT_EMBER_EXTERIOR/land; FR_MT_EMBER_EXTERIOR/rocks; FR_MT_EMBER_RUBY_PATH_1F/land; FR_MT_EMBER_RUBY_PATH_1F/rocks; FR_MT_EMBER_RUBY_PATH_B1F/land; FR_MT_EMBER_RUBY_PATH_B1F/rocks; FR_MT_EMBER_RUBY_PATH_B1F_STAIRS/land; FR_MT_EMBER_RUBY_PATH_B1F_STAIRS/rocks; FR_MT_EMBER_RUBY_PATH_B2F/land; FR_MT_EMBER_RUBY_PATH_B2F/rocks; FR_MT_EMBER_RUBY_PATH_B2F_STAIRS/land; FR_MT_EMBER_RUBY_PATH_B2F_STAIRS/rocks; FR_MT_EMBER_SUMMIT_PATH_1F/land; FR_MT_EMBER_SUMMIT_PATH_2F/land; FR_MT_EMBER_SUMMIT_PATH_2F/rocks; FR_MT_EMBER_SUMMIT_PATH_3F/land; FR_MT_MOON_1F/land; FR_MT_MOON_B2F/land; FR_ROCK_TUNNEL_1F/land; FR_ROCK_TUNNEL_B1F/land; FR_ROCK_TUNNEL_B1F/rocks; FR_SEVEN_ISLAND_SEVAULT_CANYON/land; FR_SEVEN_ISLAND_SEVAULT_CANYON/rocks; FR_VICTORY_ROAD_1F/land; FR_VICTORY_ROAD_2F/land; FR_VICTORY_ROAD_3F/land; SEVII_ONE_ISLAND_KINDLE_ROAD/land; SEVII_ONE_ISLAND_KINDLE_ROAD/rocks
firered,75,GRAVELER,1,25,no,FR_CERULEAN_CAVE_1F/rocks; FR_CERULEAN_CAVE_2F/rocks; FR_CERULEAN_CAVE_B1F/rocks; FR_MT_EMBER_EXTERIOR/rocks; FR_MT_EMBER_RUBY_PATH_1F/rocks; FR_MT_EMBER_RUBY_PATH_B1F/rocks; FR_MT_EMBER_RUBY_PATH_B1F_STAIRS/rocks; FR_MT_EMBER_RUBY_PATH_B2F/rocks; FR_MT_EMBER_RUBY_PATH_B2F_STAIRS/rocks; FR_MT_EMBER_SUMMIT_PATH_2F/rocks; FR_ROCK_TUNNEL_1F/land; FR_ROCK_TUNNEL_B1F/rocks; FR_SEVEN_ISLAND_SEVAULT_CANYON/rocks; FR_VICTORY_ROAD_1F/land; SEVII_ONE_ISLAND_KINDLE_ROAD/rocks
firered,76,GOLEM,1,40,no,FR_MT_EMBER_RUBY_PATH_B1F_STAIRS/rocks; FR_SEVEN_ISLAND_SEVAULT_CANYON/land; FR_SEVEN_ISLAND_SEVAULT_CANYON/rocks; FR_VICTORY_ROAD_1F/land
firered,77,PONYTA,1,2,no,FR_MT_EMBER_EXTERIOR/land; SEVII_ONE_ISLAND_KINDLE_ROAD/land
firered,78,RAPIDASH,1,40,no,FR_MT_EMBER_EXTERIOR/land; SEVII_ONE_ISLAND_KINDLE_ROAD/land
firered,79,SLOWPOKE,1,2,no,FR_CERULEAN_CAVE_1F/fishing; FR_CERULEAN_CAVE_1F/water; FR_ROUTE_12/land; FR_ROUTE_6/fishing; FR_ROUTE_6/land; FR_ROUTE_6/water
firered,80,SLOWBRO,1,37,no,FR_CELADON_CITY/fishing; FR_ROUTE_12/land; FR_SAFARI_ZONE_CENTER/water; FR_SAFARI_ZONE_NORTH/land; FR_THREE_ISLAND_BERRY_FOREST/water
firered,81,MAGNEMITE,1,2,no,FR_POWER_PLANT/land
firered,82,MAGNETON,1,30,no,FR_CERULEAN_CAVE_1F/land; FR_CERULEAN_CAVE_2F/land; FR_CERULEAN_CAVE_B1F/land; FR_POWER_PLANT/land
firered,83,FARFETCHD,1,2,no,FR_CERULEAN_CAVE_1F/land; FR_SAFARI_ZONE_CENTER/land
firered,84,DODUO,1,2,no,FR_ROUTE_16/land; FR_ROUTE_17/land; FR_ROUTE_18/land; FR_SAFARI_ZONE_EAST/land; FR_SAFARI_ZONE_WEST/land
firered,85,DODRIO,1,31,no,FR_CERULEAN_CAVE_B1F/land; FR_SAFARI_ZONE_CENTER/land
firered,86,SEEL,1,2,no,FR_FOUR_ISLAND_ICEFALL_CAVE_1F/land; FR_FOUR_ISLAND_ICEFALL_CAVE_B1F/land; FR_FOUR_ISLAND_ICEFALL_CAVE_BACK/land; FR_FOUR_ISLAND_ICEFALL_CAVE_ENTRANCE/land; FR_FOUR_ISLAND_ICEFALL_CAVE_ENTRANCE/water; FR_SEAFOAM_ISLANDS_B1F/land; FR_SEAFOAM_ISLANDS_B2F/land; FR_SEAFOAM_ISLANDS_B3F/land; FR_SEAFOAM_ISLANDS_B3F/water; FR_SEAFOAM_ISLANDS_B4F/land; FR_SEAFOAM_ISLANDS_B4F/water
firered,87,DEWGONG,1,34,no,FR_FOUR_ISLAND_ICEFALL_CAVE_BACK/land; FR_FOUR_ISLAND_ICEFALL_CAVE_ENTRANCE/land; FR_FOUR_ISLAND_ICEFALL_CAVE_ENTRANCE/water; FR_SEAFOAM_ISLANDS_B3F/land; FR_SEAFOAM_ISLANDS_B3F/water; FR_SEAFOAM_ISLANDS_B4F/land; FR_SEAFOAM_ISLANDS_B4F/water
firered,88,GRIMER,1,2,no,FR_CELADON_CITY/fishing; FR_POKEMON_MANSION_1F/land; FR_POKEMON_MANSION_2F/land; FR_POKEMON_MANSION_3F/land; FR_POKEMON_MANSION_B1F/land
firered,89,MUK,1,38,no,FR_CERULEAN_CAVE_B1F/land; FR_SAFARI_ZONE_WEST/land
firered,90,SHELLDER,1,2,no,FR_CINNABAR_ISLAND/fishing; FR_FIVE_ISLAND/fishing; FR_FOUR_ISLAND_ICEFALL_CAVE_BACK/fishing; FR_PALLET_TOWN/fishing; FR_SSANNE_EXTERIOR/fishing; FR_VERMILION_CITY/fishing; SEVII_ONE_ISLAND/fishing
firered,92,GASTLY,1,2,no,FR_FIVE_ISLAND_LOST_CAVE_ROOM1/land; FR_FIVE_ISLAND_LOST_CAVE_ROOM10/land; FR_FIVE_ISLAND_LOST_CAVE_ROOM11/land; FR_FIVE_ISLAND_LOST_CAVE_ROOM12/land; FR_FIVE_ISLAND_LOST_CAVE_ROOM13/land; FR_FIVE_ISLAND_LOST_CAVE_ROOM14/land; FR_FIVE_ISLAND_LOST_CAVE_ROOM2/land; FR_FIVE_ISLAND_LOST_CAVE_ROOM3/land; FR_FIVE_ISLAND_LOST_CAVE_ROOM4/land; FR_FIVE_ISLAND_LOST_CAVE_ROOM5/land; FR_FIVE_ISLAND_LOST_CAVE_ROOM6/land; FR_FIVE_ISLAND_LOST_CAVE_ROOM7/land; FR_FIVE_ISLAND_LOST_CAVE_ROOM8/land; FR_FIVE_ISLAND_LOST_CAVE_ROOM9/land; FR_POKEMON_TOWER_3F/land; FR_POKEMON_TOWER_4F/land; FR_POKEMON_TOWER_5F/land; FR_POKEMON_TOWER_6F/land; FR_POKEMON_TOWER_7F/land
firered,93,HAUNTER,1,25,no,FR_FIVE_ISLAND_LOST_CAVE_ROOM1/land; FR_FIVE_ISLAND_LOST_CAVE_ROOM10/land; FR_FIVE_ISLAND_LOST_CAVE_ROOM11/land; FR_FIVE_ISLAND_LOST_CAVE_ROOM12/land; FR_FIVE_ISLAND_LOST_CAVE_ROOM13/land; FR_FIVE_ISLAND_LOST_CAVE_ROOM14/land; FR_FIVE_ISLAND_LOST_CAVE_ROOM2/land; FR_FIVE_ISLAND_LOST_CAVE_ROOM3/land; FR_FIVE_ISLAND_LOST_CAVE_ROOM4/land; FR_FIVE_ISLAND_LOST_CAVE_ROOM5/land; FR_FIVE_ISLAND_LOST_CAVE_ROOM6/land; FR_FIVE_ISLAND_LOST_CAVE_ROOM7/land; FR_FIVE_ISLAND_LOST_CAVE_ROOM8/land; FR_FIVE_ISLAND_LOST_CAVE_ROOM9/land; FR_POKEMON_TOWER_3F/land; FR_POKEMON_TOWER_4F/land; FR_POKEMON_TOWER_5F/land; FR_POKEMON_TOWER_6F/land; FR_POKEMON_TOWER_7F/land
firered,94,GENGAR,1,40,no,FR_FIVE_ISLAND_LOST_CAVE_ROOM10/land; FR_POKEMON_TOWER_6F/land
firered,95,ONIX,1,18,no,FR_ROCK_TUNNEL_1F/land; FR_ROCK_TUNNEL_B1F/land; FR_ROCK_TUNNEL_B1F/rocks; FR_SEVEN_ISLAND_SEVAULT_CANYON/land; FR_VICTORY_ROAD_1F/land; FR_VICTORY_ROAD_2F/land; FR_VICTORY_ROAD_3F/land; SEVII_ONE_ISLAND_KINDLE_ROAD/rocks
firered,96,DROWZEE,1,2,no,FR_ROUTE_11/land; FR_THREE_ISLAND_BERRY_FOREST/land
firered,97,HYPNO,1,26,no,FR_CERULEAN_CAVE_2F/land; FR_THREE_ISLAND_BERRY_FOREST/land
firered,98,KRABBY,1,2,no,FR_CERULEAN_CITY/fishing; FR_CINNABAR_ISLAND/fishing; FR_PALLET_TOWN/fishing; FR_ROUTE_10/fishing; FR_ROUTE_11/fishing; FR_ROUTE_12/fishing; FR_ROUTE_13/fishing; FR_ROUTE_19/fishing; FR_ROUTE_20/fishing; FR_ROUTE_21_NORTH/fishing; FR_ROUTE_21_NORTH/land; FR_ROUTE_21_NORTH/water; FR_ROUTE_21_SOUTH/fishing; FR_ROUTE_24/fishing; FR_ROUTE_4/fishing; FR_SEAFOAM_ISLANDS_B1F/land; FR_SEAFOAM_ISLANDS_B3F/fishing; FR_SEAFOAM_ISLANDS_B4F/fishing; FR_SEVEN_ISLAND_TRAINER_TOWER/water; FR_SSANNE_EXTERIOR/fishing; FR_VERMILION_CITY/fishing
firered,99,KINGLER,1,28,no,FR_FOUR_ISLAND_ICEFALL_CAVE_BACK/fishing; FR_FOUR_ISLAND_ICEFALL_CAVE_BACK/water; FR_ROUTE_21_NORTH/fishing; FR_ROUTE_21_NORTH/land; FR_ROUTE_21_NORTH/water; FR_SEAFOAM_ISLANDS_1F/land
firered,100,VOLTORB,1,2,no,FR_POWER_PLANT/land; FR_ROUTE_10/land
firered,101,ELECTRODE,1,30,no,FR_CERULEAN_CAVE_1F/land; FR_CERULEAN_CAVE_2F/land; FR_CERULEAN_CAVE_B1F/land
firered,102,EXEGGCUTE,1,2,no,FR_SAFARI_ZONE_CENTER/land; FR_SAFARI_ZONE_EAST/land; FR_SAFARI_ZONE_NORTH/land; FR_SAFARI_ZONE_WEST/land; FR_THREE_ISLAND_BERRY_FOREST/land
firered,103,EXEGGUTOR,1,25,no,FR_SAFARI_ZONE_CENTER/land; FR_SEVEN_ISLAND_TANOBY_RUINS_VIAPOIS_CHAMBER/land
firered,104,CUBONE,1,2,no,FR_POKEMON_TOWER_3F/land; FR_POKEMON_TOWER_4F/land; FR_POKEMON_TOWER_5F/land; FR_POKEMON_TOWER_6F/land; FR_POKEMON_TOWER_7F/land; FR_SEVEN_ISLAND_SEVAULT_CANYON/land
firered,105,MAROWAK,1,28,no,FR_SEVEN_ISLAND_SEVAULT_CANYON/land; FR_VICTORY_ROAD_1F/land; FR_VICTORY_ROAD_2F/land; FR_VICTORY_ROAD_3F/land
firered,106,HITMONLEE,1,20,no,FR_CERULEAN_CAVE_2F/land; FR_SEVEN_ISLAND_TANOBY_RUINS_MONEAN_CHAMBER/land
firered,107,HITMONCHAN,1,20,no,FR_CERULEAN_CAVE_B1F/land; FR_SEVEN_ISLAND_TANOBY_RUINS_MONEAN_CHAMBER/land
firered,108,LICKITUNG,1,2,no,FR_SAFARI_ZONE_CENTER/land; FR_SEVEN_ISLAND_TANOBY_RUINS_RIXY_CHAMBER/land
firered,109,KOFFING,1,2,no,FR_CELADON_CITY/water; FR_POKEMON_MANSION_1F/land; FR_POKEMON_MANSION_2F/land; FR_POKEMON_MANSION_3F/land; FR_POKEMON_MANSION_B1F/land
firered,110,WEEZING,1,35,no,FR_POKEMON_MANSION_1F/land; FR_POKEMON_MANSION_2F/land; FR_POKEMON_MANSION_3F/land; FR_POKEMON_MANSION_B1F/land
firered,111,RHYHORN,1,20,no,FR_SAFARI_ZONE_CENTER/land; FR_SAFARI_ZONE_NORTH/land
firered,112,RHYDON,1,42,no,FR_CERULEAN_CAVE_B1F/land; FR_SAFARI_ZONE_CENTER/land
firered,113,CHANSEY,1,25,no,FR_SAFARI_ZONE_CENTER/land; FR_SAFARI_ZONE_NORTH/land
firered,114,TANGELA,1,2,no,FR_ROUTE_21_NORTH/land; FR_ROUTE_21_SOUTH/land; SEVII_ONE_ISLAND_TREASURE_BEACH/land
firered,115,KANGASKHAN,1,25,no,FR_SAFARI_ZONE_EAST/land; FR_SAFARI_ZONE_WEST/land
firered,116,HORSEA,1,2,no,FR_CERULEAN_CITY/fishing; FR_CINNABAR_ISLAND/fishing; FR_FIVE_ISLAND/fishing; FR_FIVE_ISLAND_MEADOW/fishing; FR_FIVE_ISLAND_MEMORIAL_PILLAR/fishing; FR_FIVE_ISLAND_RESORT_GORGEOUS/fishing; FR_FIVE_ISLAND_WATER_LABYRINTH/fishing; FR_FOUR_ISLAND_ICEFALL_CAVE_BACK/fishing; FR_PALLET_TOWN/fishing; FR_ROUTE_10/fishing; FR_ROUTE_11/fishing; FR_ROUTE_12/fishing; FR_ROUTE_13/fishing; FR_ROUTE_19/fishing; FR_ROUTE_20/fishing; FR_ROUTE_21_NORTH/fishing; FR_ROUTE_21_SOUTH/fishing; FR_ROUTE_24/fishing; FR_ROUTE_4/fishing; FR_SEAFOAM_ISLANDS_B3F/fishing; FR_SEAFOAM_ISLANDS_B3F/water; FR_SEAFOAM_ISLANDS_B4F/fishing; FR_SEAFOAM_ISLANDS_B4F/water; FR_SEVEN_ISLAND_TANOBY_RUINS/fishing; FR_SEVEN_ISLAND_TRAINER_TOWER/fishing; FR_SIX_ISLAND_GREEN_PATH/fishing; FR_SIX_ISLAND_OUTCAST_ISLAND/fishing; FR_SIX_ISLAND_WATER_PATH/fishing; FR_SSANNE_EXTERIOR/fishing; FR_THREE_ISLAND_BOND_BRIDGE/fishing; FR_VERMILION_CITY/fishing; SEVII_ONE_ISLAND/fishing; SEVII_ONE_ISLAND_KINDLE_ROAD/fishing; SEVII_ONE_ISLAND_TREASURE_BEACH/fishing
firered,117,SEADRA,1,32,no,FR_CINNABAR_ISLAND/fishing; FR_FIVE_ISLAND/fishing; FR_FIVE_ISLAND_MEADOW/fishing; FR_FIVE_ISLAND_MEMORIAL_PILLAR/fishing; FR_FIVE_ISLAND_RESORT_GORGEOUS/fishing; FR_FIVE_ISLAND_WATER_LABYRINTH/fishing; FR_FOUR_ISLAND_ICEFALL_CAVE_BACK/fishing; FR_PALLET_TOWN/fishing; FR_ROUTE_10/water; FR_ROUTE_11/water; FR_ROUTE_19/fishing; FR_ROUTE_20/fishing; FR_ROUTE_21_NORTH/fishing; FR_ROUTE_21_SOUTH/fishing; FR_SEVEN_ISLAND_TANOBY_RUINS/fishing; FR_SEVEN_ISLAND_TRAINER_TOWER/fishing; FR_SIX_ISLAND_GREEN_PATH/fishing; FR_SIX_ISLAND_OUTCAST_ISLAND/fishing; FR_SIX_ISLAND_WATER_PATH/fishing; FR_THREE_ISLAND_BOND_BRIDGE/fishing; SEVII_ONE_ISLAND/fishing; SEVII_ONE_ISLAND_KINDLE_ROAD/fishing; SEVII_ONE_ISLAND_TREASURE_BEACH/fishing
firered,118,GOLDEEN,1,2,no,FR_CERULEAN_CAVE_1F/fishing; FR_CERULEAN_CAVE_B1F/fishing; FR_FOUR_ISLAND/fishing; FR_FOUR_ISLAND_ICEFALL_CAVE_ENTRANCE/fishing; FR_FUCHSIA_CITY/fishing; FR_FUCHSIA_CITY/water; FR_ROUTE_22/fishing; FR_ROUTE_23/fishing; FR_ROUTE_25/fishing; FR_ROUTE_6/fishing; FR_ROUTE_6/water; FR_SAFARI_ZONE_CENTER/fishing; FR_SAFARI_ZONE_EAST/fishing; FR_SAFARI_ZONE_NORTH/fishing; FR_SAFARI_ZONE_WEST/fishing; FR_SIX_ISLAND_RUIN_VALLEY/fishing; FR_THREE_ISLAND_BERRY_FOREST/fishing; FR_TWO_ISLAND_CAPE_BRINK/fishing; FR_VIRIDIAN_CITY/fishing
firered,119,SEAKING,1,33,no,FR_CERULEAN_CAVE_1F/water; FR_FUCHSIA_CITY/fishing; FR_SAFARI_ZONE_CENTER/fishing; FR_SAFARI_ZONE_EAST/fishing; FR_SAFARI_ZONE_NORTH/fishing; FR_SAFARI_ZONE_NORTH/water; FR_SAFARI_ZONE_WEST/fishing; FR_THREE_ISLAND_BERRY_FOREST/fishing
firered,120,STARYU,1,2,no,FR_FIVE_ISLAND_WATER_LABYRINTH/fishing; FR_FIVE_ISLAND_WATER_LABYRINTH/water; FR_ROUTE_19/fishing; FR_ROUTE_19/water
firered,121,STARMIE,1,25,no,FR_FOUR_ISLAND_ICEFALL_CAVE_BACK/fishing; FR_FOUR_ISLAND_ICEFALL_CAVE_BACK/water; FR_ROUTE_20/fishing; FR_ROUTE_20/water
firered,122,MR_MIME,1,25,no,FR_CERULEAN_CAVE_2F/land; FR_SEVEN_ISLAND_TANOBY_RUINS_RIXY_CHAMBER/land
firered,123,SCYTHER,1,25,no,FR_SAFARI_ZONE_CENTER/land; FR_SAFARI_ZONE_EAST/land
firered,124,JYNX,1,30,no,FR_FOUR_ISLAND_ICEFALL_CAVE_ENTRANCE/land; FR_SEAFOAM_ISLANDS_B3F/land
firered,125,ELECTABUZZ,1,30,no,FR_POWER_PLANT/land
firered,126,MAGMAR,1,30,no,FR_MT_EMBER_SUMMIT_PATH_1F/land; FR_POKEMON_MANSION_3F/land
firered,127,PINSIR,1,25,no,FR_SAFARI_ZONE_CENTER/land; FR_SAFARI_ZONE_WEST/land
firered,128,TAUROS,1,25,no,FR_SAFARI_ZONE_NORTH/land; FR_SAFARI_ZONE_WEST/land
firered,129,MAGIKARP,1,2,no,FR_CELADON_CITY/fishing; FR_CERULEAN_CAVE_1F/fishing; FR_CERULEAN_CAVE_B1F/fishing; FR_CERULEAN_CITY/fishing; FR_CINNABAR_ISLAND/fishing; FR_FIVE_ISLAND/fishing; FR_FIVE_ISLAND_MEADOW/fishing; FR_FIVE_ISLAND_MEMORIAL_PILLAR/fishing; FR_FIVE_ISLAND_RESORT_GORGEOUS/fishing; FR_FIVE_ISLAND_WATER_LABYRINTH/fishing; FR_FOUR_ISLAND/fishing; FR_FOUR_ISLAND/water; FR_FOUR_ISLAND_ICEFALL_CAVE_BACK/fishing; FR_FOUR_ISLAND_ICEFALL_CAVE_ENTRANCE/fishing; FR_FUCHSIA_CITY/fishing; FR_PALLET_TOWN/fishing; FR_ROUTE_10/fishing; FR_ROUTE_11/fishing; FR_ROUTE_12/fishing; FR_ROUTE_13/fishing; FR_ROUTE_19/fishing; FR_ROUTE_20/fishing; FR_ROUTE_21_NORTH/fishing; FR_ROUTE_21_SOUTH/fishing; FR_ROUTE_22/fishing; FR_ROUTE_23/fishing; FR_ROUTE_24/fishing; FR_ROUTE_25/fishing; FR_ROUTE_4/fishing; FR_ROUTE_6/fishing; FR_ROUTE_6/water; FR_SAFARI_ZONE_CENTER/fishing; FR_SAFARI_ZONE_EAST/fishing; FR_SAFARI_ZONE_NORTH/fishing; FR_SAFARI_ZONE_WEST/fishing; FR_SEAFOAM_ISLANDS_B3F/fishing; FR_SEAFOAM_ISLANDS_B4F/fishing; FR_SEVEN_ISLAND_TANOBY_RUINS/fishing; FR_SEVEN_ISLAND_TRAINER_TOWER/fishing; FR_SIX_ISLAND_GREEN_PATH/fishing; FR_SIX_ISLAND_OUTCAST_ISLAND/fishing; FR_SIX_ISLAND_RUIN_VALLEY/fishing; FR_SIX_ISLAND_WATER_PATH/fishing; FR_SSANNE_EXTERIOR/fishing; FR_THREE_ISLAND_BERRY_FOREST/fishing; FR_THREE_ISLAND_BOND_BRIDGE/fishing; FR_TWO_ISLAND_CAPE_BRINK/fishing; FR_VERMILION_CITY/fishing; FR_VIRIDIAN_CITY/fishing; SEVII_ONE_ISLAND/fishing; SEVII_ONE_ISLAND_KINDLE_ROAD/fishing; SEVII_ONE_ISLAND_TREASURE_BEACH/fishing
firered,130,GYARADOS,1,20,no,FR_CERULEAN_CAVE_1F/fishing; FR_CERULEAN_CAVE_B1F/fishing; FR_CERULEAN_CITY/fishing; FR_CINNABAR_ISLAND/fishing; FR_FIVE_ISLAND/fishing; FR_FIVE_ISLAND_MEADOW/fishing; FR_FIVE_ISLAND_MEMORIAL_PILLAR/fishing; FR_FIVE_ISLAND_RESORT_GORGEOUS/fishing; FR_FIVE_ISLAND_WATER_LABYRINTH/fishing; FR_FOUR_ISLAND/fishing; FR_FOUR_ISLAND_ICEFALL_CAVE_BACK/fishing; FR_FOUR_ISLAND_ICEFALL_CAVE_ENTRANCE/fishing; FR_FUCHSIA_CITY/fishing; FR_PALLET_TOWN/fishing; FR_ROUTE_10/fishing; FR_ROUTE_11/fishing; FR_ROUTE_12/fishing; FR_ROUTE_13/fishing; FR_ROUTE_19/fishing; FR_ROUTE_20/fishing; FR_ROUTE_21_NORTH/fishing; FR_ROUTE_21_SOUTH/fishing; FR_ROUTE_22/fishing; FR_ROUTE_22/water; FR_ROUTE_23/fishing; FR_ROUTE_23/water; FR_ROUTE_24/fishing; FR_ROUTE_25/fishing; FR_ROUTE_4/fishing; FR_ROUTE_6/fishing; FR_SEAFOAM_ISLANDS_B3F/fishing; FR_SEAFOAM_ISLANDS_B4F/fishing; FR_SEVEN_ISLAND_TANOBY_RUINS/fishing; FR_SEVEN_ISLAND_TRAINER_TOWER/fishing; FR_SIX_ISLAND_GREEN_PATH/fishing; FR_SIX_ISLAND_OUTCAST_ISLAND/fishing; FR_SIX_ISLAND_RUIN_VALLEY/fishing; FR_SIX_ISLAND_WATER_PATH/fishing; FR_SSANNE_EXTERIOR/fishing; FR_THREE_ISLAND_BERRY_FOREST/fishing; FR_THREE_ISLAND_BOND_BRIDGE/fishing; FR_TWO_ISLAND_CAPE_BRINK/fishing; FR_VERMILION_CITY/fishing; FR_VIRIDIAN_CITY/fishing; SEVII_ONE_ISLAND/fishing; SEVII_ONE_ISLAND_KINDLE_ROAD/fishing; SEVII_ONE_ISLAND_TREASURE_BEACH/fishing
firered,131,LAPRAS,1,2,no,FR_FOUR_ISLAND_ICEFALL_CAVE_BACK/water
firered,132,DITTO,1,2,no,FR_CERULEAN_CAVE_1F/land; FR_CERULEAN_CAVE_2F/land; FR_CERULEAN_CAVE_B1F/land; FR_POKEMON_MANSION_B1F/land; FR_ROUTE_13/land; FR_ROUTE_14/land; FR_ROUTE_15/land
firered,133,EEVEE,1,2,no,FR_CERULEAN_CAVE_B1F/land; FR_SEVEN_ISLAND_TANOBY_RUINS_DILFORD_CHAMBER/land
firered,134,VAPOREON,1,25,no,FR_SAFARI_ZONE_CENTER/land; FR_SAFARI_ZONE_WEST/land
firered,135,JOLTEON,1,25,no,FR_SAFARI_ZONE_WEST/land; FR_SEVEN_ISLAND_TANOBY_RUINS_WEEPTH_CHAMBER/land
firered,136,FLAREON,1,25,no,FR_CERULEAN_CAVE_1F/land; FR_SIX_ISLAND_RUIN_VALLEY/land
firered,137,PORYGON,1,2,no,FR_CERULEAN_CAVE_2F/land; FR_SEVEN_ISLAND_TANOBY_RUINS_SCUFIB_CHAMBER/land
firered,138,OMANYTE,1,2,no,FR_CERULEAN_CAVE_B1F/land; FR_SAFARI_ZONE_WEST/land
firered,139,OMASTAR,1,40,no,FR_CERULEAN_CAVE_B1F/land; FR_SAFARI_ZONE_CENTER/land
firered,140,KABUTO,1,2,no,FR_SAFARI_ZONE_WEST/land; FR_SIX_ISLAND_RUIN_VALLEY/land
firered,141,KABUTOPS,1,40,no,FR_CERULEAN_CAVE_1F/land; FR_CERULEAN_CAVE_2F/land
firered,142,AERODACTYL,1,2,no,FR_CERULEAN_CAVE_2F/land; FR_SEVEN_ISLAND_TANOBY_RUINS_SCUFIB_CHAMBER/land
firered,143,SNORLAX,1,25,no,FR_CERULEAN_CAVE_B1F/land; FR_SEVEN_ISLAND_TANOBY_RUINS_SCUFIB_CHAMBER/land
firered,147,DRATINI,1,25,no,FR_ROUTE_12/land; FR_SAFARI_ZONE_CENTER/fishing; FR_SAFARI_ZONE_CENTER/water; FR_SAFARI_ZONE_EAST/fishing; FR_SAFARI_ZONE_NORTH/fishing; FR_SAFARI_ZONE_NORTH/land; FR_SAFARI_ZONE_NORTH/water; FR_SAFARI_ZONE_WEST/fishing
firered,148,DRAGONAIR,1,30,no,FR_ROUTE_12/land; FR_ROUTE_6/water; FR_SAFARI_ZONE_CENTER/fishing; FR_SAFARI_ZONE_EAST/fishing; FR_SAFARI_ZONE_NORTH/fishing; FR_SAFARI_ZONE_NORTH/land; FR_SAFARI_ZONE_WEST/fishing; FR_TWO_ISLAND_CAPE_BRINK/water
firered,149,DRAGONITE,1,55,no,FR_CERULEAN_CAVE_1F/water; FR_CERULEAN_CAVE_B1F/water
firered,151,MEW,1,50,yes,FR_CERULEAN_CAVE_1F/land; FR_SEVEN_ISLAND_SEVAULT_CANYON/land
firered,161,SENTRET,2,2,no,FR_FIVE_ISLAND_MEADOW/land; FR_SEVEN_ISLAND_SEVAULT_CANYON_ENTRANCE/land; FR_SIX_ISLAND_WATER_PATH/land
firered,165,LEDYBA,2,2,no,FR_SIX_ISLAND_PATTERN_BUSH/land
firered,167,SPINARAK,2,2,no,FR_SIX_ISLAND_PATTERN_BUSH/land
firered,177,NATU,2,2,no,FR_SIX_ISLAND_RUIN_VALLEY/land
firered,179,MAREEP,2,2,no,FR_SIX_ISLAND_ALTERING_CAVE/land
firered,187,HOPPIP,2,2,no,FR_FIVE_ISLAND/water; FR_FIVE_ISLAND_MEADOW/land; FR_FIVE_ISLAND_MEADOW/water; FR_FIVE_ISLAND_MEMORIAL_PILLAR/land; FR_FIVE_ISLAND_MEMORIAL_PILLAR/water; FR_FIVE_ISLAND_RESORT_GORGEOUS/water; FR_FIVE_ISLAND_WATER_LABYRINTH/water
firered,190,AIPOM,2,8,no,FR_SIX_ISLAND_ALTERING_CAVE/land
firered,193,YANMA,2,8,no,FR_SIX_ISLAND_RUIN_VALLEY/land
firered,194,WOOPER,2,2,no,FR_FOUR_ISLAND/water; FR_FOUR_ISLAND_ICEFALL_CAVE_ENTRANCE/water; FR_SIX_ISLAND_RUIN_VALLEY/land; FR_SIX_ISLAND_RUIN_VALLEY/water
firered,198,MURKROW,2,15,no,FR_FIVE_ISLAND_LOST_CAVE_ROOM1/land; FR_FIVE_ISLAND_LOST_CAVE_ROOM10/land; FR_FIVE_ISLAND_LOST_CAVE_ROOM11/land; FR_FIVE_ISLAND_LOST_CAVE_ROOM12/land; FR_FIVE_ISLAND_LOST_CAVE_ROOM13/land; FR_FIVE_ISLAND_LOST_CAVE_ROOM14/land; FR_FIVE_ISLAND_LOST_CAVE_ROOM2/land; FR_FIVE_ISLAND_LOST_CAVE_ROOM3/land; FR_FIVE_ISLAND_LOST_CAVE_ROOM4/land; FR_FIVE_ISLAND_LOST_CAVE_ROOM5/land; FR_FIVE_ISLAND_LOST_CAVE_ROOM6/land; FR_FIVE_ISLAND_LOST_CAVE_ROOM7/land; FR_FIVE_ISLAND_LOST_CAVE_ROOM8/land; FR_FIVE_ISLAND_LOST_CAVE_ROOM9/land
firered,201,UNOWN,2,2,no,FR_SEVEN_ISLAND_TANOBY_RUINS_DILFORD_CHAMBER/land; FR_SEVEN_ISLAND_TANOBY_RUINS_LIPTOO_CHAMBER/land; FR_SEVEN_ISLAND_TANOBY_RUINS_MONEAN_CHAMBER/land; FR_SEVEN_ISLAND_TANOBY_RUINS_RIXY_CHAMBER/land; FR_SEVEN_ISLAND_TANOBY_RUINS_SCUFIB_CHAMBER/land; FR_SEVEN_ISLAND_TANOBY_RUINS_VIAPOIS_CHAMBER/land; FR_SEVEN_ISLAND_TANOBY_RUINS_WEEPTH_CHAMBER/land
firered,202,WOBBUFFET,2,15,no,FR_CERULEAN_CAVE_1F/land; FR_CERULEAN_CAVE_2F/land; FR_CERULEAN_CAVE_B1F/land; FR_SIX_ISLAND_RUIN_VALLEY/land
firered,204,PINECO,2,2,no,FR_SIX_ISLAND_ALTERING_CAVE/land
firered,206,DUNSPARCE,2,15,no,FR_THREE_ISLAND_PORT/land
firered,211,QWILFISH,2,15,no,FR_FIVE_ISLAND_MEADOW/fishing; FR_FIVE_ISLAND_MEMORIAL_PILLAR/fishing; FR_FIVE_ISLAND_RESORT_GORGEOUS/fishing; FR_FIVE_ISLAND_WATER_LABYRINTH/fishing; FR_SEVEN_ISLAND_TANOBY_RUINS/fishing; FR_SEVEN_ISLAND_TRAINER_TOWER/fishing; FR_SIX_ISLAND_GREEN_PATH/fishing; FR_SIX_ISLAND_OUTCAST_ISLAND/fishing; FR_SIX_ISLAND_WATER_PATH/fishing
firered,213,SHUCKLE,2,30,no,FR_SIX_ISLAND_ALTERING_CAVE/land
firered,214,HERACROSS,2,30,no,FR_SIX_ISLAND_PATTERN_BUSH/land
firered,216,TEDDIURSA,2,2,no,FR_SIX_ISLAND_ALTERING_CAVE/land
firered,218,SLUGMA,2,2,no,FR_MT_EMBER_RUBY_PATH_B1F/land; FR_MT_EMBER_RUBY_PATH_B1F_STAIRS/land; FR_MT_EMBER_RUBY_PATH_B2F/land; FR_MT_EMBER_RUBY_PATH_B2F_STAIRS/land; FR_MT_EMBER_RUBY_PATH_B3F/land; FR_MT_EMBER_RUBY_PATH_B3F/rocks
firered,219,MAGCARGO,2,38,no,FR_MT_EMBER_RUBY_PATH_B3F/rocks
firered,220,SWINUB,2,2,no,FR_FOUR_ISLAND_ICEFALL_CAVE_1F/land; FR_FOUR_ISLAND_ICEFALL_CAVE_B1F/land
firered,225,DELIBIRD,2,2,no,FR_FOUR_ISLAND_ICEFALL_CAVE_1F/land; FR_FOUR_ISLAND_ICEFALL_CAVE_B1F/land
firered,227,SKARMORY,2,2,no,FR_SEVEN_ISLAND_SEVAULT_CANYON/land
firered,228,HOUNDOUR,2,2,no,FR_SIX_ISLAND_ALTERING_CAVE/land
firered,231,PHANPY,2,2,no,FR_SEVEN_ISLAND_SEVAULT_CANYON/land; FR_SEVEN_ISLAND_SEVAULT_CANYON_ENTRANCE/land
firered,234,STANTLER,2,22,no,FR_SIX_ISLAND_ALTERING_CAVE/land
firered,235,SMEARGLE,2,2,no,FR_SIX_ISLAND_ALTERING_CAVE/land
firered,246,LARVITAR,2,25,no,FR_SEVEN_ISLAND_SEVAULT_CANYON/land
firered,387,TURTWIG,4,2,no,FR_ROUTE_6/fishing; FR_ROUTE_6/land; FR_ROUTE_6/water; FR_SAFARI_ZONE_EAST/fishing; FR_SAFARI_ZONE_EAST/water; FR_SAFARI_ZONE_NORTH/land
firered,388,GROTLE,4,18,no,FR_FUCHSIA_CITY/fishing; FR_FUCHSIA_CITY/water; FR_ROUTE_12/land; FR_ROUTE_6/land; FR_THREE_ISLAND_BERRY_FOREST/fishing; FR_THREE_ISLAND_BERRY_FOREST/water
firered,389,TORTERRA,4,32,no,FR_ROUTE_12/land; FR_ROUTE_22/fishing; FR_ROUTE_22/water; FR_SAFARI_ZONE_NORTH/fishing; FR_SAFARI_ZONE_NORTH/land; FR_SAFARI_ZONE_NORTH/water
firered,390,CHIMCHAR,4,2,no,FR_MT_EMBER_EXTERIOR/land; FR_POKEMON_MANSION_2F/land
firered,391,MONFERNO,4,14,no,FR_POKEMON_MANSION_1F/land; FR_POKEMON_MANSION_3F/land
firered,392,INFERNAPE,4,36,no,FR_MT_EMBER_RUBY_PATH_1F/land; FR_POKEMON_MANSION_B1F/land
firered,393,PIPLUP,4,2,no,FR_FUCHSIA_CITY/fishing; FR_FUCHSIA_CITY/water; FR_ROUTE_6/fishing; FR_ROUTE_6/land; FR_ROUTE_6/water; FR_SAFARI_ZONE_NORTH/land
firered,394,PRINPLUP,4,16,no,FR_FIVE_ISLAND_MEADOW/fishing; FR_FIVE_ISLAND_MEADOW/water; FR_ROUTE_19/fishing; FR_ROUTE_19/water; FR_SEAFOAM_ISLANDS_B1F/land; FR_SEAFOAM_ISLANDS_B2F/land
firered,395,EMPOLEON,4,36,no,FR_ROUTE_21_NORTH/land; FR_ROUTE_21_NORTH/water; FR_SEAFOAM_ISLANDS_B1F/land; SEVII_ONE_ISLAND/water
firered,396,STARLY,4,2,no,FR_ROUTE_1/land; FR_SIX_ISLAND_WATER_PATH/land
firered,397,STARAVIA,4,14,no,FR_FIVE_ISLAND_MEADOW/land; FR_ROUTE_5/land
firered,398,STARAPTOR,4,34,no,FR_ROUTE_13/land; FR_THREE_ISLAND_PORT/land
firered,399,BIDOOF,4,2,no,FR_ROUTE_2/land; FR_THREE_ISLAND_PORT/land
firered,400,BIBAREL,4,15,no,FR_ROUTE_7/land; FR_THREE_ISLAND_PORT/land
firered,401,KRICKETOT,4,2,no,FR_ROUTE_10/land; FR_ROUTE_3/land
firered,402,KRICKETUNE,4,10,no,FR_ROUTE_8/land; FR_THREE_ISLAND_PORT/land
firered,403,SHINX,4,2,no,FR_POWER_PLANT/land
firered,404,LUXIO,4,15,no,FR_POWER_PLANT/land
firered,405,LUXRAY,4,30,no,FR_POWER_PLANT/land
firered,406,BUDEW,4,2,no,FR_THREE_ISLAND_BOND_BRIDGE/land; FR_VIRIDIAN_FOREST/land
firered,407,ROSERADE,4,40,no,FR_SAFARI_ZONE_EAST/land; FR_THREE_ISLAND_BERRY_FOREST/land
firered,408,CRANIDOS,4,2,no,FR_MT_EMBER_EXTERIOR/rocks; FR_MT_EMBER_RUBY_PATH_B2F_STAIRS/rocks; FR_MT_MOON_1F/land; FR_MT_MOON_B1F/land
firered,409,RAMPARDOS,4,30,no,FR_MT_EMBER_EXTERIOR/rocks; FR_ROCK_TUNNEL_B1F/land; FR_ROCK_TUNNEL_B1F/rocks; FR_SIX_ISLAND_ALTERING_CAVE/land
firered,410,SHIELDON,4,2,no,FR_MT_EMBER_RUBY_PATH_B1F/rocks; FR_MT_MOON_B2F/land; FR_ROCK_TUNNEL_B1F/land; FR_ROCK_TUNNEL_B1F/rocks
firered,411,BASTIODON,4,30,no,FR_MT_EMBER_RUBY_PATH_B1F/rocks; FR_ROCK_TUNNEL_B1F/land; FR_ROCK_TUNNEL_B1F/rocks; FR_SEVEN_ISLAND_SEVAULT_CANYON_ENTRANCE/land
firered,412,BURMY,4,2,no,FR_ROUTE_24/land; FR_SAFARI_ZONE_EAST/land
firered,413,WORMADAM,4,20,no,FR_ROUTE_25/land; FR_SIX_ISLAND_PATTERN_BUSH/land
firered,414,MOTHIM,4,20,no,FR_ROUTE_25/land; FR_THREE_ISLAND_BOND_BRIDGE/land
firered,415,COMBEE,4,2,no,FR_THREE_ISLAND_BERRY_FOREST/land; FR_VIRIDIAN_FOREST/land
firered,416,VESPIQUEN,4,21,no,FR_SAFARI_ZONE_EAST/land; FR_SIX_ISLAND_PATTERN_BUSH/land
firered,417,PACHIRISU,4,15,no,FR_POWER_PLANT/land
firered,418,BUIZEL,4,2,no,FR_ROUTE_12/land; FR_SAFARI_ZONE_NORTH/land; FR_SIX_ISLAND_RUIN_VALLEY/fishing; FR_SIX_ISLAND_RUIN_VALLEY/water; FR_TWO_ISLAND_CAPE_BRINK/fishing; FR_TWO_ISLAND_CAPE_BRINK/water
firered,419,FLOATZEL,4,26,no,FR_FOUR_ISLAND_ICEFALL_CAVE_ENTRANCE/fishing; FR_FOUR_ISLAND_ICEFALL_CAVE_ENTRANCE/water; FR_ROUTE_12/land; FR_SAFARI_ZONE_NORTH/fishing; FR_SAFARI_ZONE_NORTH/land; FR_SAFARI_ZONE_NORTH/water
firered,420,CHERUBI,4,2,no,FR_ROUTE_24/land; FR_ROUTE_25/land
firered,421,CHERRIM,4,25,no,FR_SAFARI_ZONE_EAST/land; FR_THREE_ISLAND_BOND_BRIDGE/land
firered,422,SHELLOS,4,2,no,FR_ROUTE_12/land; FR_ROUTE_6/fishing; FR_ROUTE_6/land; FR_ROUTE_6/water; FR_SIX_ISLAND_RUIN_VALLEY/fishing; FR_SIX_ISLAND_RUIN_VALLEY/water
firered,423,GASTRODON,4,30,no,FR_CERULEAN_CAVE_1F/fishing; FR_CERULEAN_CAVE_1F/water; FR_ROUTE_12/land; FR_SAFARI_ZONE_CENTER/fishing; FR_SAFARI_ZONE_CENTER/water; FR_SAFARI_ZONE_NORTH/land
firered,424,AMBIPOM,4,25,no,FR_SAFARI_ZONE_CENTER/land; FR_SEVEN_ISLAND_TANOBY_RUINS_MONEAN_CHAMBER/land
firered,425,DRIFLOON,4,2,no,FR_POKEMON_TOWER_3F/land; FR_POKEMON_TOWER_4F/land
firered,426,DRIFBLIM,4,28,no,FR_FIVE_ISLAND_LOST_CAVE_ROOM10/land; FR_POKEMON_TOWER_5F/land
firered,427,BUNEARY,4,8,no,FR_CERULEAN_CAVE_1F/land; FR_SEVEN_ISLAND_TANOBY_RUINS_WEEPTH_CHAMBER/land
firered,428,LOPUNNY,4,25,no,FR_CERULEAN_CAVE_2F/land; FR_SEVEN_ISLAND_TANOBY_RUINS_MONEAN_CHAMBER/land
firered,429,MISMAGIUS,4,25,no,FR_FIVE_ISLAND_LOST_CAVE_ROOM1/land; FR_POKEMON_TOWER_7F/land
firered,430,HONCHKROW,4,25,no,FR_FIVE_ISLAND_LOST_CAVE_ROOM1/land; FR_POKEMON_TOWER_3F/land
firered,431,GLAMEOW,4,2,no,FR_CERULEAN_CAVE_B1F/land; FR_SAFARI_ZONE_WEST/land
firered,432,PURUGLY,4,38,no,FR_SAFARI_ZONE_CENTER/land; FR_SAFARI_ZONE_WEST/land
firered,433,CHINGLING,4,2,no,FR_SAFARI_ZONE_CENTER/land; FR_SEVEN_ISLAND_TANOBY_RUINS_MONEAN_CHAMBER/land
firered,434,STUNKY,4,2,no,FR_FIVE_ISLAND_LOST_CAVE_ROOM1/land; FR_POKEMON_TOWER_6F/land
firered,435,SKUNTANK,4,34,no,FR_FIVE_ISLAND_LOST_CAVE_ROOM10/land; FR_POKEMON_TOWER_5F/land
firered,436,BRONZOR,4,2,no,FR_MT_EMBER_RUBY_PATH_1F/rocks; FR_ROCK_TUNNEL_1F/land; FR_SEVEN_ISLAND_SEVAULT_CANYON/rocks; FR_VICTORY_ROAD_1F/land
firered,437,BRONZONG,4,33,no,FR_MT_EMBER_RUBY_PATH_B1F/rocks; FR_MT_EMBER_RUBY_PATH_B2F_STAIRS/rocks; FR_VICTORY_ROAD_1F/land; FR_VICTORY_ROAD_2F/land
firered,438,BONSLY,4,2,no,FR_CERULEAN_CAVE_1F/land; FR_SEVEN_ISLAND_TANOBY_RUINS_MONEAN_CHAMBER/land
firered,439,MIME_JR,4,2,no,FR_CERULEAN_CAVE_2F/land; FR_SEVEN_ISLAND_TANOBY_RUINS_MONEAN_CHAMBER/land
firered,440,HAPPINY,4,2,no,FR_CERULEAN_CAVE_B1F/land; FR_SEVEN_ISLAND_TANOBY_RUINS_VIAPOIS_CHAMBER/land
firered,441,CHATOT,4,2,no,FR_ROUTE_16/land; FR_TWO_ISLAND_CAPE_BRINK/land
firered,442,SPIRITOMB,4,22,no,FR_FIVE_ISLAND_LOST_CAVE_ROOM10/land; FR_POKEMON_TOWER_4F/land
firered,443,GIBLE,4,25,no,FR_CERULEAN_CAVE_B1F/rocks; FR_MT_EMBER_RUBY_PATH_1F/rocks; FR_VICTORY_ROAD_1F/land; FR_VICTORY_ROAD_2F/land
firered,444,GABITE,4,24,no,FR_MT_EMBER_RUBY_PATH_B1F_STAIRS/rocks; FR_MT_EMBER_SUMMIT_PATH_2F/rocks; FR_SEVEN_ISLAND_SEVAULT_CANYON_ENTRANCE/land; FR_VICTORY_ROAD_3F/land
firered,445,GARCHOMP,4,48,no,FR_CERULEAN_CAVE_1F/rocks; FR_CERULEAN_CAVE_2F/rocks; FR_SIX_ISLAND_ALTERING_CAVE/land; FR_VICTORY_ROAD_1F/land
firered,446,MUNCHLAX,4,2,no,FR_ROUTE_14/land; FR_SIX_ISLAND_WATER_PATH/land
firered,447,RIOLU,4,2,no,FR_SAFARI_ZONE_WEST/land; FR_SEVEN_ISLAND_TANOBY_RUINS_WEEPTH_CHAMBER/land
firered,448,LUCARIO,4,25,no,FR_SAFARI_ZONE_CENTER/land; FR_SEVEN_ISLAND_TANOBY_RUINS_RIXY_CHAMBER/land
firered,449,HIPPOPOTAS,4,2,no,FR_MT_EMBER_RUBY_PATH_B1F_STAIRS/rocks; FR_MT_MOON_1F/land; FR_MT_MOON_B1F/land; FR_SEVEN_ISLAND_SEVAULT_CANYON/rocks
firered,450,HIPPOWDON,4,34,no,FR_CERULEAN_CAVE_B1F/rocks; FR_ROCK_TUNNEL_B1F/land; FR_ROCK_TUNNEL_B1F/rocks; FR_SEVEN_ISLAND_SEVAULT_CANYON_ENTRANCE/land
firered,451,SKORUPI,4,2,no,FR_CERULEAN_CAVE_1F/land; FR_SEVEN_ISLAND_TANOBY_RUINS_LIPTOO_CHAMBER/land
firered,452,DRAPION,4,40,no,FR_CERULEAN_CAVE_2F/land; FR_SIX_ISLAND_RUIN_VALLEY/land
firered,453,CROAGUNK,4,2,no,FR_CERULEAN_CAVE_B1F/land; FR_SAFARI_ZONE_WEST/land
firered,454,TOXICROAK,4,37,no,FR_CERULEAN_CAVE_B1F/land; FR_SAFARI_ZONE_WEST/land
firered,455,CARNIVINE,4,22,no,FR_SAFARI_ZONE_CENTER/land; FR_SEVEN_ISLAND_TANOBY_RUINS_VIAPOIS_CHAMBER/land
firered,456,FINNEON,4,2,no,FR_FIVE_ISLAND/fishing; FR_FIVE_ISLAND/water; FR_ROUTE_20/fishing; FR_ROUTE_20/water
firered,457,LUMINEON,4,31,no,FR_FOUR_ISLAND_ICEFALL_CAVE_BACK/fishing; FR_FOUR_ISLAND_ICEFALL_CAVE_BACK/water; FR_SIX_ISLAND_GREEN_PATH/fishing; FR_SIX_ISLAND_GREEN_PATH/water
firered,458,MANTYKE,4,2,no,FR_FIVE_ISLAND_MEADOW/fishing; FR_FIVE_ISLAND_MEADOW/water; FR_SEVEN_ISLAND_TANOBY_RUINS/fishing; FR_SEVEN_ISLAND_TANOBY_RUINS/water
firered,459,SNOVER,4,2,no,FR_FOUR_ISLAND_ICEFALL_CAVE_B1F/land; FR_SEAFOAM_ISLANDS_B3F/land
firered,460,ABOMASNOW,4,40,no,FR_FOUR_ISLAND_ICEFALL_CAVE_BACK/land; FR_SEAFOAM_ISLANDS_B4F/land
firered,461,WEAVILE,4,25,no,FR_SEAFOAM_ISLANDS_B3F/land; FR_SEAFOAM_ISLANDS_B4F/land
firered,462,MAGNEZONE,4,40,no,FR_POWER_PLANT/land
firered,463,LICKILICKY,4,25,no,FR_ROUTE_15/land; FR_ROUTE_21_SOUTH/land
firered,464,RHYPERIOR,4,42,no,FR_CERULEAN_CAVE_1F/land; FR_SAFARI_ZONE_WEST/land
firered,465,TANGROWTH,4,25,no,FR_SAFARI_ZONE_EAST/land; FR_THREE_ISLAND_BOND_BRIDGE/land
firered,466,ELECTIVIRE,4,40,no,FR_POWER_PLANT/land
firered,467,MAGMORTAR,4,40,no,FR_POKEMON_MANSION_1F/land; FR_POKEMON_MANSION_B1F/land
firered,468,TOGEKISS,4,40,no,FR_ROUTE_17/land; FR_TWO_ISLAND_CAPE_BRINK/land
firered,469,YANMEGA,4,25,no,FR_CERULEAN_CAVE_2F/land; FR_SEVEN_ISLAND_TANOBY_RUINS_SCUFIB_CHAMBER/land
firered,470,LEAFEON,4,25,no,FR_CERULEAN_CAVE_B1F/land; FR_SEVEN_ISLAND_TANOBY_RUINS_DILFORD_CHAMBER/land
firered,471,GLACEON,4,25,no,FR_SAFARI_ZONE_WEST/land; FR_SIX_ISLAND_RUIN_VALLEY/land
firered,472,GLISCOR,4,25,no,FR_CERULEAN_CAVE_B1F/land; FR_SAFARI_ZONE_CENTER/land
firered,473,MAMOSWINE,4,40,no,FR_FOUR_ISLAND_ICEFALL_CAVE_B1F/land; FR_SEAFOAM_ISLANDS_B4F/land
firered,474,PORYGON_Z,4,40,no,FR_FIVE_ISLAND_MEMORIAL_PILLAR/land; FR_ROUTE_18/land
firered,475,GALLADE,4,40,no,FR_CERULEAN_CAVE_1F/land; FR_SAFARI_ZONE_WEST/land
firered,476,PROBOPASS,4,25,no,FR_MT_EMBER_RUBY_PATH_B1F_STAIRS/rocks; FR_MT_EMBER_RUBY_PATH_B2F_STAIRS/rocks; FR_VICTORY_ROAD_1F/land; FR_VICTORY_ROAD_2F/land
firered,477,DUSKNOIR,4,40,no,FR_FIVE_ISLAND_LOST_CAVE_ROOM10/land; FR_POKEMON_TOWER_7F/land
firered,478,FROSLASS,4,25,no,FR_FOUR_ISLAND_ICEFALL_CAVE_ENTRANCE/land; FR_SEAFOAM_ISLANDS_B3F/land
firered,479,ROTOM,4,2,no,FR_POKEMON_TOWER_3F/land; FR_POKEMON_TOWER_4F/land
firered,480,UXIE,4,50,yes,FR_CERULEAN_CAVE_2F/land; FR_SEVEN_ISLAND_SEVAULT_CANYON/land
firered,481,MESPRIT,4,50,yes,FR_CERULEAN_CAVE_2F/land; FR_SEVEN_ISLAND_SEVAULT_CANYON/land
firered,483,DIALGA,4,50,yes,FR_CERULEAN_CAVE_B1F/land; FR_MT_EMBER_RUBY_PATH_B3F/land
firered,485,HEATRAN,4,50,yes,FR_MT_EMBER_RUBY_PATH_B3F/land; FR_MT_EMBER_SUMMIT_PATH_3F/land
firered,487,GIRATINA,4,50,yes,FR_FIVE_ISLAND_LOST_CAVE_ROOM1/land; FR_FIVE_ISLAND_LOST_CAVE_ROOM10/land
firered,489,PHIONE,4,50,yes,FR_FIVE_ISLAND_WATER_LABYRINTH/water; FR_SIX_ISLAND_WATER_PATH/water
firered,491,DARKRAI,4,50,yes,FR_FIVE_ISLAND_LOST_CAVE_ROOM1/land; FR_FIVE_ISLAND_LOST_CAVE_ROOM10/land
firered,493,ARCEUS,4,50,yes,FR_CERULEAN_CAVE_2F/land; FR_SEVEN_ISLAND_SEVAULT_CANYON/land
firered,495,SNIVY,5,2,no,FR_SIX_ISLAND_PATTERN_BUSH/land; FR_VIRIDIAN_FOREST/land
firered,497,SERPERIOR,5,36,no,FR_SAFARI_ZONE_EAST/land; FR_THREE_ISLAND_BERRY_FOREST/land
firered,499,PIGNITE,5,17,no,FR_MT_EMBER_EXTERIOR/land; FR_POKEMON_MANSION_3F/land
firered,501,OSHAWOTT,5,2,no,FR_FUCHSIA_CITY/fishing; FR_FUCHSIA_CITY/water; FR_ROUTE_12/land; FR_SAFARI_ZONE_NORTH/fishing; FR_SAFARI_ZONE_NORTH/land; FR_SAFARI_ZONE_NORTH/water
firered,503,SAMUROTT,5,36,no,FR_ROUTE_21_NORTH/land; FR_ROUTE_21_NORTH/water; FR_SEAFOAM_ISLANDS_B1F/land; SEVII_ONE_ISLAND_TREASURE_BEACH/water
firered,505,WATCHOG,5,20,no,FR_FIVE_ISLAND_MEMORIAL_PILLAR/land; FR_ROUTE_7/land
firered,507,HERDIER,5,16,no,FR_ROUTE_5/land; SEVII_ONE_ISLAND_KINDLE_ROAD/land
firered,509,PURRLOIN,5,2,no,FR_POKEMON_TOWER_3F/land; FR_POKEMON_TOWER_4F/land
firered,511,PANSAGE,5,2,no,FR_CERULEAN_CAVE_1F/land; FR_CERULEAN_CAVE_2F/land
firered,513,PANSEAR,5,2,no,FR_SAFARI_ZONE_CENTER/land; FR_SEVEN_ISLAND_TANOBY_RUINS_MONEAN_CHAMBER/land
firered,515,PANPOUR,5,2,no,FR_CERULEAN_CAVE_1F/land; FR_SEVEN_ISLAND_TANOBY_RUINS_LIPTOO_CHAMBER/land
firered,517,MUNNA,5,2,no,FR_CERULEAN_CAVE_B1F/land; FR_SEVEN_ISLAND_TANOBY_RUINS_VIAPOIS_CHAMBER/land
firered,519,PIDOVE,5,2,no,FR_ROUTE_2/land; SEVII_ONE_ISLAND_TREASURE_BEACH/land
firered,521,UNFEZANT,5,32,no,FR_ROUTE_13/land; FR_ROUTE_14/land
firered,523,ZEBSTRIKA,5,27,no,FR_POWER_PLANT/land
firered,525,BOLDORE,5,25,no,FR_CERULEAN_CAVE_1F/rocks; FR_MT_EMBER_RUBY_PATH_B2F_STAIRS/rocks; FR_ROCK_TUNNEL_1F/land; FR_VICTORY_ROAD_1F/land
firered,527,WOOBAT,5,2,no,FR_MT_EMBER_RUBY_PATH_1F/rocks; FR_MT_EMBER_RUBY_PATH_B1F_STAIRS/rocks; FR_MT_MOON_B2F/land; FR_VICTORY_ROAD_1F/land
firered,529,DRILBUR,5,2,no,FR_CERULEAN_CAVE_1F/rocks; FR_CERULEAN_CAVE_2F/rocks; FR_MT_MOON_1F/land; FR_MT_MOON_B1F/land
firered,531,AUDINO,5,15,no,FR_SAFARI_ZONE_CENTER/land; FR_SAFARI_ZONE_WEST/land
firered,533,GURDURR,5,25,no,FR_MT_EMBER_RUBY_PATH_B1F/rocks; FR_MT_EMBER_RUBY_PATH_B2F/rocks; FR_ROCK_TUNNEL_1F/land; FR_SIX_ISLAND_ALTERING_CAVE/land
firered,535,TYMPOLE,5,2,no,FR_ROUTE_6/fishing; FR_ROUTE_6/water; FR_TWO_ISLAND_CAPE_BRINK/fishing; FR_TWO_ISLAND_CAPE_BRINK/water
firered,537,SEISMITOAD,5,36,no,FR_CELADON_CITY/fishing; FR_ROUTE_12/land; FR_SAFARI_ZONE_EAST/water; FR_SAFARI_ZONE_NORTH/land; FR_SAFARI_ZONE_NORTH/water
firered,539,SAWK,5,22,no,FR_CERULEAN_CAVE_2F/land; FR_SEVEN_ISLAND_TANOBY_RUINS_SCUFIB_CHAMBER/land
firered,541,SWADLOON,5,20,no,FR_ROUTE_25/land; FR_SAFARI_ZONE_EAST/land
firered,543,VENIPEDE,5,2,no,FR_SIX_ISLAND_PATTERN_BUSH/land; FR_VIRIDIAN_FOREST/land
firered,545,SCOLIPEDE,5,30,no,FR_SAFARI_ZONE_EAST/land; FR_THREE_ISLAND_BOND_BRIDGE/land
firered,547,WHIMSICOTT,5,25,no,FR_SAFARI_ZONE_EAST/land; FR_SIX_ISLAND_PATTERN_BUSH/land
firered,549,LILLIGANT,5,25,no,FR_SAFARI_ZONE_EAST/land; FR_THREE_ISLAND_BERRY_FOREST/land
firered,551,SANDILE,5,2,no,FR_CERULEAN_CAVE_1F/rocks; FR_MT_MOON_1F/land; FR_MT_MOON_B1F/land; FR_SEVEN_ISLAND_SEVAULT_CANYON/rocks
firered,553,KROOKODILE,5,40,no,FR_CERULEAN_CAVE_B1F/rocks; FR_ROCK_TUNNEL_B1F/rocks; FR_SIX_ISLAND_ALTERING_CAVE/land; FR_VICTORY_ROAD_2F/land
firered,555,DARMANITAN,5,35,no,FR_MT_EMBER_EXTERIOR/land; FR_POKEMON_MANSION_2F/land
firered,557,DWEBBLE,5,2,no,FR_CERULEAN_CAVE_B1F/rocks; FR_MT_EMBER_RUBY_PATH_B1F/rocks; FR_MT_MOON_B2F/land; FR_ROCK_TUNNEL_1F/land
firered,559,SCRAGGY,5,2,no,FR_SAFARI_ZONE_CENTER/land; FR_SAFARI_ZONE_WEST/land
firered,561,SIGILYPH,5,22,no,FR_CERULEAN_CAVE_1F/land; FR_SEVEN_ISLAND_TANOBY_RUINS_WEEPTH_CHAMBER/land
firered,563,COFAGRIGUS,5,34,no,FR_FIVE_ISLAND_LOST_CAVE_ROOM10/land; FR_POKEMON_TOWER_7F/land
firered,565,CARRACOSTA,5,37,no,FR_ROUTE_10/water; FR_ROUTE_20/water; FR_SEAFOAM_ISLANDS_1F/land; FR_SEAFOAM_ISLANDS_B1F/land
firered,567,ARCHEOPS,5,37,no,FR_CERULEAN_CAVE_B1F/rocks; FR_MT_EMBER_EXTERIOR/rocks; FR_VICTORY_ROAD_1F/land; FR_VICTORY_ROAD_3F/land
firered,569,GARBODOR,5,36,no,FR_SAFARI_ZONE_EAST/land; FR_THREE_ISLAND_BERRY_FOREST/land
firered,571,ZOROARK,5,30,no,FR_FIVE_ISLAND_LOST_CAVE_ROOM1/land; FR_POKEMON_TOWER_4F/land
firered,573,CINCCINO,5,25,no,FR_CERULEAN_CAVE_B1F/land; FR_SEVEN_ISLAND_TANOBY_RUINS_SCUFIB_CHAMBER/land
firered,575,GOTHORITA,5,32,no,FR_SAFARI_ZONE_WEST/land; FR_SIX_ISLAND_RUIN_VALLEY/land
firered,577,SOLOSIS,5,2,no,FR_CERULEAN_CAVE_2F/land; FR_SEVEN_ISLAND_TANOBY_RUINS_RIXY_CHAMBER/land
firered,579,REUNICLUS,5,41,no,FR_SAFARI_ZONE_CENTER/land; FR_SIX_ISLAND_RUIN_VALLEY/land
firered,581,SWANNA,5,35,no,FR_ROUTE_12/land; FR_SAFARI_ZONE_EAST/fishing; FR_SAFARI_ZONE_EAST/water; FR_SAFARI_ZONE_NORTH/land; FR_SAFARI_ZONE_WEST/fishing; FR_SAFARI_ZONE_WEST/water
firered,583,VANILLISH,5,35,no,FR_FOUR_ISLAND_ICEFALL_CAVE_ENTRANCE/land; FR_SEAFOAM_ISLANDS_B4F/land
firered,585,DEERLING,5,2,no,FR_SAFARI_ZONE_WEST/land; FR_SEVEN_ISLAND_TANOBY_RUINS_VIAPOIS_CHAMBER/land
firered,587,EMOLGA,5,15,no,FR_CERULEAN_CAVE_2F/land; FR_SEVEN_ISLAND_TANOBY_RUINS_MONEAN_CHAMBER/land
firered,589,ESCAVALIER,5,25,no,FR_SAFARI_ZONE_CENTER/land; FR_SEVEN_ISLAND_TANOBY_RUINS_RIXY_CHAMBER/land
firered,591,AMOONGUSS,5,39,no,FR_SAFARI_ZONE_EAST/land; FR_THREE_ISLAND_BOND_BRIDGE/land
firered,593,JELLICENT,5,40,no,FR_PALLET_TOWN/water; FR_ROUTE_21_NORTH/land; FR_SEAFOAM_ISLANDS_B1F/land; FR_SIX_ISLAND_OUTCAST_ISLAND/water
firered,595,JOLTIK,5,2,no,FR_POWER_PLANT/land
firered,597,FERROSEED,5,2,no,FR_MT_EMBER_EXTERIOR/rocks; FR_MT_MOON_B1F/land; FR_ROCK_TUNNEL_B1F/land; FR_ROCK_TUNNEL_B1F/rocks
firered,599,KLINK,5,2,no,FR_CERULEAN_CAVE_1F/rocks; FR_MT_EMBER_EXTERIOR/rocks; FR_MT_MOON_B2F/land; FR_SEVEN_ISLAND_SEVAULT_CANYON_ENTRANCE/land
firered,601,KLINKLANG,5,49,no,FR_MT_EMBER_RUBY_PATH_1F/rocks; FR_MT_EMBER_RUBY_PATH_B2F_STAIRS/rocks; FR_SEVEN_ISLAND_SEVAULT_CANYON_ENTRANCE/land; FR_VICTORY_ROAD_3F/land
firered,605,ELGYEM,5,2,no,FR_SAFARI_ZONE_WEST/land; FR_SEVEN_ISLAND_TANOBY_RUINS_LIPTOO_CHAMBER/land
firered,606,BEHEEYEM,5,42,no,FR_CERULEAN_CAVE_1F/land; FR_SIX_ISLAND_RUIN_VALLEY/land
firered,607,LITWICK,5,2,no,FR_FIVE_ISLAND_LOST_CAVE_ROOM1/land; FR_POKEMON_TOWER_5F/land
firered,609,CHANDELURE,5,41,no,FR_FIVE_ISLAND_LOST_CAVE_ROOM10/land; FR_POKEMON_TOWER_7F/land
firered,611,FRAXURE,5,38,no,FR_CERULEAN_CAVE_B1F/land; FR_SIX_ISLAND_RUIN_VALLEY/land
firered,613,CUBCHOO,5,2,no,FR_FOUR_ISLAND_ICEFALL_CAVE_1F/land; FR_SEAFOAM_ISLANDS_B4F/land
firered,615,CRYOGONAL,5,30,no,FR_FOUR_ISLAND_ICEFALL_CAVE_ENTRANCE/land; FR_SEAFOAM_ISLANDS_B4F/land
firered,617,ACCELGOR,5,25,no,FR_CERULEAN_CAVE_1F/land; FR_CERULEAN_CAVE_2F/land
firered,619,MIENFOO,5,8,no,FR_CERULEAN_CAVE_2F/land; FR_SEVEN_ISLAND_TANOBY_RUINS_LIPTOO_CHAMBER/land
firered,621,DRUDDIGON,5,2,no,FR_CERULEAN_CAVE_1F/rocks; FR_CERULEAN_CAVE_2F/rocks; FR_MT_MOON_B1F/land; FR_ROCK_TUNNEL_1F/land
firered,623,GOLURK,5,43,no,FR_FIVE_ISLAND_LOST_CAVE_ROOM10/land; FR_POKEMON_TOWER_7F/land
firered,625,BISHARP,5,52,no,FR_FIVE_ISLAND_LOST_CAVE_ROOM10/land; FR_FIVE_ISLAND_LOST_CAVE_ROOM11/land
firered,627,RUFFLET,5,8,no,FR_SAFARI_ZONE_CENTER/land; FR_SAFARI_ZONE_WEST/land
firered,629,VULLABY,5,8,no,FR_CERULEAN_CAVE_2F/land; FR_SIX_ISLAND_RUIN_VALLEY/land
firered,631,HEATMOR,5,22,no,FR_MT_EMBER_RUBY_PATH_B1F/land; FR_POKEMON_MANSION_3F/land
firered,633,DEINO,5,25,no,FR_MT_EMBER_SUMMIT_PATH_2F/rocks; FR_VICTORY_ROAD_1F/land; FR_VICTORY_ROAD_2F/land; SEVII_ONE_ISLAND_KINDLE_ROAD/rocks
firered,635,HYDREIGON,5,64,no,FR_CERULEAN_CAVE_B1F/rocks; FR_VICTORY_ROAD_1F/land; FR_VICTORY_ROAD_2F/land
firered,638,COBALION,5,50,yes,FR_CERULEAN_CAVE_B1F/land; FR_MT_EMBER_RUBY_PATH_B3F/land
firered,639,TERRAKION,5,50,yes,FR_CERULEAN_CAVE_B1F/land; FR_MT_EMBER_RUBY_PATH_B3F/land
firered,641,TORNADUS,5,50,yes,FR_CERULEAN_CAVE_2F/land; FR_SEVEN_ISLAND_SEVAULT_CANYON/land
firered,643,RESHIRAM,5,50,yes,FR_MT_EMBER_RUBY_PATH_B3F/land; FR_MT_EMBER_SUMMIT_PATH_3F/land
firered,645,LANDORUS,5,50,yes,FR_CERULEAN_CAVE_B1F/land; FR_MT_EMBER_RUBY_PATH_B3F/land
firered,647,KELDEO,5,50,yes,FR_FIVE_ISLAND_WATER_LABYRINTH/water; FR_FOUR_ISLAND_ICEFALL_CAVE_B1F/land; FR_SEAFOAM_ISLANDS_B4F/land; FR_SIX_ISLAND_WATER_PATH/water
firered,649,GENESECT,5,50,yes,FR_CERULEAN_CAVE_B1F/land; FR_MT_EMBER_RUBY_PATH_B3F/land
firered,651,QUILLADIN,6,16,no,FR_ROUTE_25/land; FR_THREE_ISLAND_BERRY_FOREST/land
firered,653,FENNEKIN,6,2,no,FR_POKEMON_MANSION_1F/land; FR_POKEMON_MANSION_2F/land
firered,655,DELPHOX,6,36,no,FR_POKEMON_MANSION_1F/land; FR_POKEMON_MANSION_3F/land
firered,657,FROGADIER,6,16,no,FR_CELADON_CITY/fishing; FR_CELADON_CITY/water; FR_ROUTE_12/land; FR_ROUTE_6/fishing; FR_ROUTE_6/land; FR_ROUTE_6/water
firered,659,BUNNELBY,6,2,no,FR_CERULEAN_CAVE_B1F/rocks; FR_MT_EMBER_RUBY_PATH_1F/rocks; FR_MT_MOON_1F/land; FR_VICTORY_ROAD_1F/land
firered,661,FLETCHLING,6,2,no,FR_ROUTE_3/land; SEVII_ONE_ISLAND_TREASURE_BEACH/land
firered,663,TALONFLAME,6,35,no,FR_ROUTE_15/land; SEVII_ONE_ISLAND_KINDLE_ROAD/land
firered,665,SPEWPA,6,9,no,FR_ROUTE_24/land; FR_SAFARI_ZONE_EAST/land
firered,667,LITLEO,6,8,no,FR_POKEMON_MANSION_1F/land; FR_POKEMON_MANSION_B1F/land
firered,669,FLABEBE,6,2,no,FR_THREE_ISLAND_BOND_BRIDGE/land; FR_VIRIDIAN_FOREST/land
firered,671,FLORGES,6,40,no,FR_SAFARI_ZONE_EAST/land; FR_SIX_ISLAND_PATTERN_BUSH/land
firered,673,GOGOAT,6,32,no,FR_CERULEAN_CAVE_1F/land; FR_SAFARI_ZONE_CENTER/land
firered,675,PANGORO,6,32,no,FR_ROCK_TUNNEL_B1F/land; FR_ROCK_TUNNEL_B1F/rocks; FR_SEVEN_ISLAND_SEVAULT_CANYON/land; FR_SEVEN_ISLAND_SEVAULT_CANYON/rocks
firered,677,ESPURR,6,8,no,FR_CERULEAN_CAVE_B1F/land; FR_SEVEN_ISLAND_TANOBY_RUINS_SCUFIB_CHAMBER/land
firered,679,HONEDGE,6,2,no,FR_FIVE_ISLAND_LOST_CAVE_ROOM1/land; FR_POKEMON_TOWER_5F/land
firered,681,AEGISLASH,6,40,no,FR_POKEMON_TOWER_6F/land; FR_POKEMON_TOWER_7F/land
firered,683,AROMATISSE,6,25,no,FR_CERULEAN_CAVE_1F/land; FR_SEVEN_ISLAND_TANOBY_RUINS_DILFORD_CHAMBER/land
firered,685,SLURPUFF,6,25,no,FR_CERULEAN_CAVE_B1F/land; FR_SAFARI_ZONE_CENTER/land
firered,687,MALAMAR,6,30,no,FR_FIVE_ISLAND_LOST_CAVE_ROOM1/land; FR_POKEMON_TOWER_4F/land
firered,689,BARBARACLE,6,39,no,FR_ROUTE_21_NORTH/land; FR_ROUTE_21_NORTH/water; FR_ROUTE_21_SOUTH/water; FR_SEAFOAM_ISLANDS_1F/land
firered,692,CLAUNCHER,6,2,no,FR_SEVEN_ISLAND_TRAINER_TOWER/fishing; FR_SEVEN_ISLAND_TRAINER_TOWER/water; FR_SIX_ISLAND_WATER_PATH/fishing; FR_SIX_ISLAND_WATER_PATH/water
firered,693,CLAWITZER,6,37,no,FR_FIVE_ISLAND_WATER_LABYRINTH/water; SEVII_ONE_ISLAND_KINDLE_ROAD/water
firered,695,HELIOLISK,6,25,no,FR_POWER_PLANT/land
firered,697,TYRANTRUM,6,39,no,FR_MT_EMBER_EXTERIOR/rocks; FR_SEVEN_ISLAND_SEVAULT_CANYON/land; FR_SEVEN_ISLAND_SEVAULT_CANYON/rocks; FR_VICTORY_ROAD_2F/land
firered,699,AURORUS,6,39,no,FR_FOUR_ISLAND_ICEFALL_CAVE_BACK/land; FR_SEAFOAM_ISLANDS_B4F/land
firered,701,HAWLUCHA,6,30,no,FR_CERULEAN_CAVE_1F/land; FR_SAFARI_ZONE_WEST/land
firered,703,CARBINK,6,30,no,FR_MT_EMBER_RUBY_PATH_B1F/rocks; FR_VICTORY_ROAD_1F/land; FR_VICTORY_ROAD_2F/land; SEVII_ONE_ISLAND_KINDLE_ROAD/rocks
firered,705,SLIGGOO,6,40,no,FR_CERULEAN_CAVE_1F/land; FR_CERULEAN_CAVE_2F/land
firered,707,KLEFKI,6,22,no,FR_SAFARI_ZONE_CENTER/land; FR_SEVEN_ISLAND_TANOBY_RUINS_SCUFIB_CHAMBER/land
firered,709,TREVENANT,6,25,no,FR_SAFARI_ZONE_EAST/land; FR_THREE_ISLAND_BOND_BRIDGE/land
firered,711,GOURGEIST,6,25,no,FR_FIVE_ISLAND_LOST_CAVE_ROOM1/land; FR_POKEMON_TOWER_6F/land
firered,713,AVALUGG,6,37,no,FR_FOUR_ISLAND_ICEFALL_CAVE_BACK/land; FR_SEAFOAM_ISLANDS_B4F/land
firered,715,NOIVERN,6,48,no,FR_MT_EMBER_RUBY_PATH_B2F_STAIRS/rocks; FR_SEVEN_ISLAND_SEVAULT_CANYON/land; FR_SEVEN_ISLAND_SEVAULT_CANYON/rocks; FR_VICTORY_ROAD_1F/land
firered,717,YVELTAL,6,50,yes,FR_FIVE_ISLAND_LOST_CAVE_ROOM1/land; FR_FIVE_ISLAND_LOST_CAVE_ROOM10/land
firered,719,DIANCIE,6,50,yes,FR_CERULEAN_CAVE_B1F/land; FR_MT_EMBER_RUBY_PATH_B3F/land
firered,721,VOLCANION,6,50,yes,FR_MT_EMBER_RUBY_PATH_B3F/land; FR_MT_EMBER_SUMMIT_PATH_3F/land
firered,723,DARTRIX,7,17,no,FR_ROUTE_24/land; FR_THREE_ISLAND_BERRY_FOREST/land
firered,725,LITTEN,7,2,no,FR_MT_EMBER_RUBY_PATH_B2F_STAIRS/land; FR_POKEMON_MANSION_2F/land
firered,727,INCINEROAR,7,34,no,FR_FIVE_ISLAND_LOST_CAVE_ROOM1/land; FR_POKEMON_TOWER_6F/land
firered,729,BRIONNE,7,17,no,FR_ROUTE_6/land; FR_SAFARI_ZONE_NORTH/fishing; FR_SAFARI_ZONE_NORTH/land; FR_SAFARI_ZONE_NORTH/water; FR_SIX_ISLAND_RUIN_VALLEY/fishing; FR_SIX_ISLAND_RUIN_VALLEY/water
firered,731,PIKIPEK,7,2,no,FR_ROUTE_17/land; FR_TWO_ISLAND_CAPE_BRINK/land
firered,733,TOUCANNON,7,28,no,FR_ROUTE_8/land; FR_SIX_ISLAND_WATER_PATH/land
firered,735,GUMSHOOS,7,20,no,FR_MT_EMBER_RUBY_PATH_1F/rocks; FR_ROCK_TUNNEL_1F/land; FR_ROCK_TUNNEL_B1F/land; SEVII_ONE_ISLAND_KINDLE_ROAD/rocks
firered,737,CHARJABUG,7,20,no,FR_POWER_PLANT/land
firered,739,CRABRAWLER,7,2,no,FR_FOUR_ISLAND_ICEFALL_CAVE_B1F/land; FR_SEAFOAM_ISLANDS_B3F/land
firered,741,ORICORIO,7,2,no,FR_MT_EMBER_RUBY_PATH_B1F/land; FR_POKEMON_MANSION_B1F/land
firered,743,RIBOMBEE,7,25,no,FR_SAFARI_ZONE_EAST/land; FR_SIX_ISLAND_PATTERN_BUSH/land
firered,745,LYCANROC,7,25,no,FR_MT_EMBER_RUBY_PATH_B1F/rocks; FR_MT_EMBER_RUBY_PATH_B2F/rocks; FR_ROCK_TUNNEL_1F/land; FR_SEVEN_ISLAND_SEVAULT_CANYON_ENTRANCE/land
firered,747,MAREANIE,7,2,no,FR_FIVE_ISLAND/fishing; FR_FIVE_ISLAND/water; FR_FOUR_ISLAND_ICEFALL_CAVE_BACK/fishing; FR_FOUR_ISLAND_ICEFALL_CAVE_BACK/water; FR_ROUTE_21_NORTH/land; FR_SEAFOAM_ISLANDS_1F/land
firered,749,MUDBRAY,7,8,no,FR_SAFARI_ZONE_WEST/land; FR_SEVEN_ISLAND_TANOBY_RUINS_RIXY_CHAMBER/land
firered,751,DEWPIDER,7,2,no,FR_CERULEAN_CAVE_B1F/fishing; FR_CERULEAN_CAVE_B1F/water; FR_ROUTE_12/land; FR_ROUTE_6/fishing; FR_ROUTE_6/land; FR_ROUTE_6/water
firered,753,FOMANTIS,7,2,no,FR_SIX_ISLAND_PATTERN_BUSH/land; FR_VIRIDIAN_FOREST/land
firered,755,MORELULL,7,2,no,FR_ROUTE_24/land; FR_ROUTE_25/land
firered,757,SALANDIT,7,2,no,FR_MT_EMBER_RUBY_PATH_B1F/land; FR_POKEMON_MANSION_1F/land
firered,759,STUFFUL,7,2,no,FR_CERULEAN_CAVE_2F/land; FR_CERULEAN_CAVE_B1F/land
firered,761,BOUNSWEET,7,2,no,FR_ROUTE_24/land; FR_ROUTE_25/land
firered,763,TSAREENA,7,40,no,FR_SAFARI_ZONE_EAST/land; FR_SIX_ISLAND_PATTERN_BUSH/land
firered,765,ORANGURU,7,22,no,FR_SAFARI_ZONE_WEST/land; FR_SEVEN_ISLAND_TANOBY_RUINS_MONEAN_CHAMBER/land
firered,767,WIMPOD,7,2,no,FR_ROUTE_10/fishing; FR_ROUTE_10/water; FR_ROUTE_11/fishing; FR_ROUTE_11/water; FR_SEAFOAM_ISLANDS_B1F/land; FR_SEAFOAM_ISLANDS_B2F/land
firered,769,SANDYGAST,7,2,no,FR_FIVE_ISLAND_LOST_CAVE_ROOM10/land; FR_POKEMON_TOWER_3F/land
firered,771,PYUKUMUKU,7,15,no,FR_ROUTE_21_NORTH/fishing; FR_ROUTE_21_NORTH/land; FR_ROUTE_21_NORTH/water; FR_SEAFOAM_ISLANDS_1F/land; FR_SIX_ISLAND_WATER_PATH/fishing; FR_SIX_ISLAND_WATER_PATH/water
firered,773,SILVALLY,7,50,yes,FR_CERULEAN_CAVE_2F/land; FR_SEVEN_ISLAND_SEVAULT_CANYON/land
firered,775,KOMALA,7,22,no,FR_CERULEAN_CAVE_2F/land; FR_SEVEN_ISLAND_TANOBY_RUINS_MONEAN_CHAMBER/land
firered,777,TOGEDEMARU,7,15,no,FR_POWER_PLANT/land
firered,779,BRUXISH,7,22,no,FR_FIVE_ISLAND_RESORT_GORGEOUS/fishing; FR_FIVE_ISLAND_RESORT_GORGEOUS/water; FR_ROUTE_20/fishing; FR_ROUTE_20/water
firered,781,DHELMISE,7,30,no,FR_CERULEAN_CAVE_1F/land; FR_SAFARI_ZONE_CENTER/land
firered,783,HAKAMO_O,7,35,no,FR_MT_EMBER_EXTERIOR/rocks; FR_MT_EMBER_RUBY_PATH_B2F_STAIRS/rocks; FR_SEVEN_ISLAND_SEVAULT_CANYON_ENTRANCE/land; FR_VICTORY_ROAD_1F/land
firered,785,TAPU_KOKO,7,50,yes,FR_CERULEAN_CAVE_1F/land; FR_CERULEAN_CAVE_2F/land
firered,787,TAPU_BULU,7,50,yes,FR_SIX_ISLAND_PATTERN_BUSH/land; FR_THREE_ISLAND_BERRY_FOREST/land
firered,789,COSMOG,7,50,yes,FR_CERULEAN_CAVE_2F/land; FR_SEVEN_ISLAND_SEVAULT_CANYON/land
firered,791,SOLGALEO,7,53,yes,FR_CERULEAN_CAVE_B1F/land; FR_MT_EMBER_RUBY_PATH_B3F/land
firered,793,NIHILEGO,7,2,yes,FR_VICTORY_ROAD_1F/land; FR_VICTORY_ROAD_2F/land
firered,795,PHEROMOSA,7,2,yes,FR_SIX_ISLAND_PATTERN_BUSH/land; FR_THREE_ISLAND_BERRY_FOREST/land
firered,797,CELESTEELA,7,2,yes,FR_VICTORY_ROAD_1F/land; FR_VICTORY_ROAD_2F/land
firered,799,GUZZLORD,7,2,yes,FR_FIVE_ISLAND_LOST_CAVE_ROOM10/land; FR_FIVE_ISLAND_LOST_CAVE_ROOM11/land
firered,801,MAGEARNA,7,50,yes,FR_CERULEAN_CAVE_B1F/land; FR_MT_EMBER_RUBY_PATH_B3F/land
firered,803,POIPOLE,7,2,yes,FR_VICTORY_ROAD_1F/land; FR_VICTORY_ROAD_2F/land
firered,805,STAKATAKA,7,2,yes,FR_SIX_ISLAND_ALTERING_CAVE/land; FR_VICTORY_ROAD_1F/land
firered,807,ZERAORA,7,50,yes,FR_CERULEAN_CAVE_1F/land; FR_CERULEAN_CAVE_2F/land
firered,809,MELMETAL,7,50,yes,FR_CERULEAN_CAVE_B1F/land; FR_MT_EMBER_RUBY_PATH_B3F/land
firered,811,THWACKEY,8,16,no,FR_ROUTE_25/land; FR_SIX_ISLAND_PATTERN_BUSH/land
firered,813,SCORBUNNY,8,2,no,FR_POKEMON_MANSION_1F/land; FR_POKEMON_MANSION_B1F/land
firered,815,CINDERACE,8,35,no,FR_MT_EMBER_RUBY_PATH_B2F_STAIRS/land; FR_POKEMON_MANSION_2F/land
firered,817,DRIZZILE,8,16,no,FR_ROUTE_19/fishing; FR_ROUTE_19/water; FR_ROUTE_21_NORTH/land; FR_SEAFOAM_ISLANDS_1F/land; FR_SEVEN_ISLAND_TRAINER_TOWER/fishing; FR_SEVEN_ISLAND_TRAINER_TOWER/water
firered,819,SKWOVET,8,2,no,FR_ROUTE_1/land; SEVII_ONE_ISLAND_TREASURE_BEACH/land
firered,821,ROOKIDEE,8,2,no,FR_ROUTE_2/land; FR_SIX_ISLAND_WATER_PATH/land
firered,823,CORVIKNIGHT,8,38,no,FR_ROUTE_14/land; FR_TWO_ISLAND_CAPE_BRINK/land
firered,825,DOTTLER,8,10,no,FR_ROUTE_24/land; FR_SIX_ISLAND_PATTERN_BUSH/land
firered,827,NICKIT,8,2,no,FR_POKEMON_TOWER_3F/land; FR_POKEMON_TOWER_5F/land
firered,829,GOSSIFLEUR,8,2,no,FR_ROUTE_25/land; FR_THREE_ISLAND_BERRY_FOREST/land
firered,831,WOOLOO,8,2,no,FR_SAFARI_ZONE_WEST/land; FR_SEVEN_ISLAND_TANOBY_RUINS_SCUFIB_CHAMBER/land
firered,833,CHEWTLE,8,2,no,FR_ROUTE_6/fishing; FR_ROUTE_6/land; FR_ROUTE_6/water; FR_SAFARI_ZONE_NORTH/land; FR_SIX_ISLAND_RUIN_VALLEY/fishing; FR_SIX_ISLAND_RUIN_VALLEY/water
firered,835,YAMPER,8,2,no,FR_POWER_PLANT/land
firered,837,ROLYCOLY,8,2,no,FR_CERULEAN_CAVE_1F/rocks; FR_CERULEAN_CAVE_2F/rocks; FR_MT_MOON_1F/land; FR_SIX_ISLAND_ALTERING_CAVE/land
firered,839,COALOSSAL,8,34,no,FR_ROCK_TUNNEL_B1F/land; FR_ROCK_TUNNEL_B1F/rocks; FR_SEVEN_ISLAND_SEVAULT_CANYON/land; FR_SEVEN_ISLAND_SEVAULT_CANYON/rocks
firered,841,FLAPPLE,8,25,no,FR_SAFARI_ZONE_EAST/land; FR_SIX_ISLAND_PATTERN_BUSH/land
firered,843,SILICOBRA,8,2,no,FR_CERULEAN_CAVE_1F/rocks; FR_CERULEAN_CAVE_B1F/rocks; FR_MT_MOON_B1F/land; FR_VICTORY_ROAD_1F/land
firered,845,CRAMORANT,8,22,no,FR_ROUTE_12/land; FR_SAFARI_ZONE_EAST/fishing; FR_SAFARI_ZONE_EAST/water; FR_SAFARI_ZONE_NORTH/fishing; FR_SAFARI_ZONE_NORTH/land; FR_SAFARI_ZONE_NORTH/water
firered,847,BARRASKEWDA,8,26,no,FR_FOUR_ISLAND/fishing; FR_FOUR_ISLAND/water; FR_ROUTE_6/fishing; FR_ROUTE_6/water
firered,849,TOXTRICITY,8,30,no,FR_MT_EMBER_RUBY_PATH_B1F/rocks; FR_MT_EMBER_RUBY_PATH_B2F/rocks; FR_VICTORY_ROAD_1F/land; FR_VICTORY_ROAD_2F/land
firered,851,CENTISKORCH,8,28,no,FR_MT_EMBER_RUBY_PATH_B1F_STAIRS/land; FR_POKEMON_MANSION_B1F/land
firered,853,GRAPPLOCT,8,25,no,FR_CERULEAN_CAVE_B1F/land; FR_SEVEN_ISLAND_TANOBY_RUINS_WEEPTH_CHAMBER/land
firered,855,POLTEAGEIST,8,25,no,FR_FIVE_ISLAND_LOST_CAVE_ROOM1/land; FR_POKEMON_TOWER_3F/land
firered,857,HATTREM,8,32,no,FR_CERULEAN_CAVE_B1F/land; FR_SAFARI_ZONE_WEST/land
firered,859,IMPIDIMP,8,2,no,FR_FIVE_ISLAND_LOST_CAVE_ROOM10/land; FR_POKEMON_TOWER_4F/land
firered,861,GRIMMSNARL,8,42,no,FR_FIVE_ISLAND_LOST_CAVE_ROOM10/land; FR_POKEMON_TOWER_6F/land
firered,863,PERRSERKER,8,28,no,FR_MT_EMBER_SUMMIT_PATH_2F/rocks; FR_ROCK_TUNNEL_1F/land; FR_ROCK_TUNNEL_B1F/rocks; FR_SIX_ISLAND_ALTERING_CAVE/land
firered,865,SIRFETCHD,8,25,no,FR_CERULEAN_CAVE_2F/land; FR_SAFARI_ZONE_CENTER/land
firered,867,RUNERIGUS,8,25,no,FR_POKEMON_TOWER_3F/land; FR_POKEMON_TOWER_7F/land
firered,869,ALCREMIE,8,25,no,FR_SAFARI_ZONE_WEST/land; FR_SEVEN_ISLAND_TANOBY_RUINS_MONEAN_CHAMBER/land
firered,871,PINCURCHIN,8,15,no,FR_ROUTE_21_NORTH/fishing; FR_ROUTE_21_NORTH/land; FR_ROUTE_21_NORTH/water; FR_SEAFOAM_ISLANDS_1F/land; FR_SEVEN_ISLAND_TRAINER_TOWER/fishing; FR_SEVEN_ISLAND_TRAINER_TOWER/water
firered,873,FROSMOTH,8,25,no,FR_FOUR_ISLAND_ICEFALL_CAVE_1F/land; FR_SEAFOAM_ISLANDS_B4F/land
firered,875,EISCUE,8,22,no,FR_SEAFOAM_ISLANDS_B3F/land; FR_SEAFOAM_ISLANDS_B4F/land
firered,877,MORPEKO,8,15,no,FR_POWER_PLANT/land
firered,879,COPPERAJAH,8,34,no,FR_ROCK_TUNNEL_B1F/land; FR_ROCK_TUNNEL_B1F/rocks; FR_SEVEN_ISLAND_SEVAULT_CANYON/land; FR_SEVEN_ISLAND_SEVAULT_CANYON/rocks
firered,881,ARCTOZOLT,8,2,no,FR_FOUR_ISLAND_ICEFALL_CAVE_BACK/land; FR_SEAFOAM_ISLANDS_B4F/land
firered,883,ARCTOVISH,8,2,no,FR_FOUR_ISLAND_ICEFALL_CAVE_B1F/land; FR_SEAFOAM_ISLANDS_B3F/land
firered,885,DREEPY,8,25,no,FR_MT_EMBER_EXTERIOR/rocks; FR_MT_EMBER_RUBY_PATH_1F/rocks; FR_VICTORY_ROAD_1F/land; FR_VICTORY_ROAD_2F/land
firered,887,DRAGAPULT,8,60,no,FR_CERULEAN_CAVE_2F/rocks; FR_CERULEAN_CAVE_B1F/rocks; FR_VICTORY_ROAD_1F/land; FR_VICTORY_ROAD_2F/land
firered,889,ZAMAZENTA,8,50,yes,FR_CERULEAN_CAVE_2F/land; FR_SEVEN_ISLAND_SEVAULT_CANYON/land
firered,891,KUBFU,8,50,yes,FR_CERULEAN_CAVE_2F/land; FR_SEVEN_ISLAND_SEVAULT_CANYON/land
firered,893,ZARUDE,8,50,yes,FR_FIVE_ISLAND_LOST_CAVE_ROOM1/land; FR_FIVE_ISLAND_LOST_CAVE_ROOM10/land
firered,895,REGIDRAGO,8,50,yes,FR_CERULEAN_CAVE_B1F/land; FR_MT_EMBER_RUBY_PATH_B3F/land
firered,897,SPECTRIER,8,50,yes,FR_FIVE_ISLAND_LOST_CAVE_ROOM1/land; FR_FIVE_ISLAND_LOST_CAVE_ROOM10/land
firered,899,WYRDEER,8,25,no,FR_SAFARI_ZONE_WEST/land; FR_SEVEN_ISLAND_TANOBY_RUINS_MONEAN_CHAMBER/land
firered,901,URSALUNA,8,40,no,FR_MT_EMBER_RUBY_PATH_B2F_STAIRS/rocks; FR_VICTORY_ROAD_1F/land; FR_VICTORY_ROAD_2F/land; SEVII_ONE_ISLAND_KINDLE_ROAD/rocks
firered,903,SNEASLER,8,25,no,FR_FOUR_ISLAND_ICEFALL_CAVE_BACK/land; FR_SEAFOAM_ISLANDS_B4F/land
firered,905,ENAMORUS,8,50,yes,FR_CERULEAN_CAVE_2F/land; FR_SEVEN_ISLAND_SEVAULT_CANYON/land
firered,907,FLORAGATO,9,16,no,FR_ROUTE_25/land; FR_SAFARI_ZONE_EAST/land
firered,909,FUECOCO,9,2,no,FR_POKEMON_MANSION_1F/land; FR_POKEMON_MANSION_2F/land
firered,911,SKELEDIRGE,9,36,no,FR_FIVE_ISLAND_LOST_CAVE_ROOM10/land; FR_POKEMON_TOWER_6F/land
firered,913,QUAXWELL,9,16,no,FR_ROUTE_12/land; FR_SAFARI_ZONE_NORTH/fishing; FR_SAFARI_ZONE_NORTH/land; FR_SAFARI_ZONE_NORTH/water; FR_TWO_ISLAND_CAPE_BRINK/fishing; FR_TWO_ISLAND_CAPE_BRINK/water
firered,915,LECHONK,9,2,no,FR_ROUTE_3/land; FR_SIX_ISLAND_WATER_PATH/land
firered,917,TAROUNTULA,9,2,no,FR_SAFARI_ZONE_EAST/land; FR_VIRIDIAN_FOREST/land
firered,919,NYMBLE,9,2,no,FR_ROUTE_24/land; FR_THREE_ISLAND_BERRY_FOREST/land
firered,921,PAWMI,9,2,no,FR_POWER_PLANT/land
firered,923,PAWMOT,9,40,no,FR_POWER_PLANT/land
firered,925,MAUSHOLD,9,25,no,FR_ROUTE_13/land; FR_ROUTE_17/land
firered,927,DACHSBUN,9,26,no,FR_CERULEAN_CAVE_B1F/land; FR_SIX_ISLAND_RUIN_VALLEY/land
firered,929,DOLLIV,9,25,no,FR_SAFARI_ZONE_EAST/land; FR_THREE_ISLAND_BERRY_FOREST/land
firered,931,SQUAWKABILLY,9,15,no,FR_SAFARI_ZONE_CENTER/land; FR_SEVEN_ISLAND_TANOBY_RUINS_LIPTOO_CHAMBER/land
firered,933,NACLSTACK,9,24,no,FR_CERULEAN_CAVE_B1F/rocks; FR_ROCK_TUNNEL_1F/land; FR_SEVEN_ISLAND_SEVAULT_CANYON/rocks; FR_VICTORY_ROAD_1F/land
firered,935,CHARCADET,9,2,no,FR_CERULEAN_CAVE_B1F/rocks; FR_MT_EMBER_SUMMIT_PATH_2F/rocks; FR_MT_MOON_B1F/land; FR_SIX_ISLAND_ALTERING_CAVE/land
firered,937,CERULEDGE,9,25,no,FR_ROCK_TUNNEL_B1F/land; FR_ROCK_TUNNEL_B1F/rocks; FR_SEVEN_ISLAND_SEVAULT_CANYON/land; FR_SEVEN_ISLAND_SEVAULT_CANYON/rocks
firered,939,BELLIBOLT,9,25,no,FR_POWER_PLANT/land
firered,941,KILOWATTREL,9,25,no,FR_POWER_PLANT/land
firered,943,MABOSSTIFF,9,30,no,FR_CERULEAN_CAVE_1F/rocks; FR_MT_EMBER_RUBY_PATH_1F/rocks; FR_VICTORY_ROAD_1F/land; FR_VICTORY_ROAD_3F/land
firered,945,GRAFAIAI,9,28,no,FR_POWER_PLANT/land
firered,947,BRAMBLEGHAST,9,25,no,FR_POKEMON_TOWER_3F/land; FR_POKEMON_TOWER_4F/land
firered,949,TOEDSCRUEL,9,30,no,FR_SAFARI_ZONE_EAST/land; FR_THREE_ISLAND_BOND_BRIDGE/land
firered,951,CAPSAKID,9,2,no,FR_CERULEAN_CAVE_B1F/land; FR_SAFARI_ZONE_WEST/land
firered,953,RELLOR,9,2,no,FR_ROUTE_24/land; FR_SIX_ISLAND_PATTERN_BUSH/land
firered,955,FLITTLE,9,2,no,FR_CERULEAN_CAVE_2F/land; FR_SEVEN_ISLAND_TANOBY_RUINS_DILFORD_CHAMBER/land
firered,957,TINKATINK,9,2,no,FR_SAFARI_ZONE_CENTER/land; FR_SEVEN_ISLAND_TANOBY_RUINS_WEEPTH_CHAMBER/land
firered,959,TINKATON,9,38,no,FR_CERULEAN_CAVE_1F/land; FR_CERULEAN_CAVE_2F/land
firered,961,WUGTRIO,9,26,no,FR_ROUTE_19/fishing; FR_ROUTE_19/water; SEVII_ONE_ISLAND_TREASURE_BEACH/fishing; SEVII_ONE_ISLAND_TREASURE_BEACH/water
firered,963,FINIZEN,9,2,no,FR_ROUTE_10/fishing; FR_ROUTE_10/water; FR_ROUTE_20/fishing; FR_ROUTE_20/water
firered,965,VAROOM,9,2,no,FR_CERULEAN_CAVE_1F/rocks; FR_CERULEAN_CAVE_2F/rocks; FR_MT_MOON_1F/land; FR_MT_MOON_B1F/land
firered,967,CYCLIZAR,9,30,no,FR_CERULEAN_CAVE_B1F/land; FR_SAFARI_ZONE_CENTER/land
firered,969,GLIMMET,9,8,no,FR_MT_EMBER_EXTERIOR/rocks; FR_MT_EMBER_RUBY_PATH_B1F/rocks; FR_MT_MOON_1F/land; FR_MT_MOON_B1F/land
firered,971,GREAVARD,9,2,no,FR_FIVE_ISLAND_LOST_CAVE_ROOM1/land; FR_POKEMON_TOWER_7F/land
firered,973,FLAMIGO,9,30,no,FR_SAFARI_ZONE_CENTER/land; FR_SAFARI_ZONE_WEST/land
firered,975,CETITAN,9,25,no,FR_CERULEAN_CAVE_1F/rocks; FR_MT_EMBER_EXTERIOR/rocks; FR_ROCK_TUNNEL_1F/land; FR_VICTORY_ROAD_1F/land
firered,977,DONDOZO,9,30,no,FR_ROUTE_22/fishing; FR_ROUTE_22/water; FR_SAFARI_ZONE_NORTH/fishing; FR_SAFARI_ZONE_NORTH/water
firered,979,ANNIHILAPE,9,40,no,FR_FIVE_ISLAND_LOST_CAVE_ROOM10/land; FR_POKEMON_TOWER_6F/land
firered,981,FARIGIRAF,9,25,no,FR_CERULEAN_CAVE_1F/land; FR_SEVEN_ISLAND_TANOBY_RUINS_VIAPOIS_CHAMBER/land
firered,983,KINGAMBIT,9,52,no,FR_FIVE_ISLAND_LOST_CAVE_ROOM10/land; FR_FIVE_ISLAND_LOST_CAVE_ROOM11/land
firered,985,SCREAM_TAIL,9,2,no,FR_CERULEAN_CAVE_2F/land; FR_SEVEN_ISLAND_TANOBY_RUINS_SCUFIB_CHAMBER/land
firered,987,FLUTTER_MANE,9,2,no,FR_FIVE_ISLAND_LOST_CAVE_ROOM10/land; FR_POKEMON_TOWER_5F/land
firered,989,SANDY_SHOCKS,9,2,no,FR_POWER_PLANT/land
firered,991,IRON_BUNDLE,9,2,no,FR_FOUR_ISLAND_ICEFALL_CAVE_BACK/land; FR_SEAFOAM_ISLANDS_B3F/land
firered,993,IRON_JUGULIS,9,2,no,FR_FIVE_ISLAND_LOST_CAVE_ROOM1/land; FR_POKEMON_TOWER_7F/land
firered,995,IRON_THORNS,9,2,no,FR_POWER_PLANT/land
firered,997,ARCTIBAX,9,35,no,FR_CERULEAN_CAVE_1F/rocks; FR_ROCK_TUNNEL_B1F/land; FR_ROCK_TUNNEL_B1F/rocks; FR_SIX_ISLAND_ALTERING_CAVE/land
firered,999,GIMMIGHOUL,9,2,no,FR_POKEMON_TOWER_3F/land; FR_POKEMON_TOWER_4F/land
firered,1001,WO_CHIEN,9,50,yes,FR_FIVE_ISLAND_LOST_CAVE_ROOM1/land; FR_FIVE_ISLAND_LOST_CAVE_ROOM10/land
firered,1003,TING_LU,9,50,yes,FR_FIVE_ISLAND_LOST_CAVE_ROOM1/land; FR_FIVE_ISLAND_LOST_CAVE_ROOM10/land
firered,1005,ROARING_MOON,9,2,no,FR_FIVE_ISLAND_LOST_CAVE_ROOM10/land; FR_POKEMON_TOWER_5F/land
firered,1007,KORAIDON,9,50,yes,FR_CERULEAN_CAVE_B1F/land; FR_MT_EMBER_RUBY_PATH_B3F/land
firered,1009,WALKING_WAKE,9,2,no,FR_ROUTE_21_NORTH/fishing; FR_ROUTE_21_NORTH/land; FR_ROUTE_21_NORTH/water; FR_SEAFOAM_ISLANDS_B1F/land; FR_SEAFOAM_ISLANDS_B3F/fishing; FR_SEAFOAM_ISLANDS_B3F/water
firered,1011,DIPPLIN,9,25,no,FR_SAFARI_ZONE_EAST/land; FR_SIX_ISLAND_PATTERN_BUSH/land
firered,1013,SINISTCHA,9,25,no,FR_POKEMON_TOWER_3F/land; FR_POKEMON_TOWER_7F/land
firered,1015,MUNKIDORI,9,50,yes,FR_SIX_ISLAND_PATTERN_BUSH/land; FR_THREE_ISLAND_BERRY_FOREST/land
firered,1017,OGERPON,9,50,yes,FR_SIX_ISLAND_PATTERN_BUSH/land; FR_THREE_ISLAND_BERRY_FOREST/land
firered,1019,HYDRAPPLE,9,40,no,FR_SAFARI_ZONE_EAST/land; FR_THREE_ISLAND_BOND_BRIDGE/land
firered,1021,RAGING_BOLT,9,2,no,FR_POWER_PLANT/land
firered,1023,IRON_CROWN,9,2,no,FR_MT_EMBER_RUBY_PATH_B1F/rocks; FR_MT_MOON_B1F/land; FR_VICTORY_ROAD_1F/land; SEVII_ONE_ISLAND_KINDLE_ROAD/rocks
firered,1025,PECHARUNT,9,50,yes,FR_FIVE_ISLAND_LOST_CAVE_ROOM1/land; FR_FIVE_ISLAND_LOST_CAVE_ROOM10/land
leafgreen,1,BULBASAUR,1,2,no,FR_ROUTE_1/land; FR_ROUTE_2/land
leafgreen,2,IVYSAUR,1,16,no,FR_SAFARI_ZONE_WEST/land; FR_SEVEN_ISLAND_TANOBY_RUINS_MONEAN_CHAMBER/land
leafgreen,3,VENUSAUR,1,32,no,FR_CERULEAN_CAVE_1F/land; FR_SIX_ISLAND_RUIN_VALLEY/land
leafgreen,4,CHARMANDER,1,2,no,FR_ROUTE_1/land; FR_ROUTE_10/land
leafgreen,5,CHARMELEON,1,16,no,FR_SAFARI_ZONE_CENTER/land; FR_SEVEN_ISLAND_TANOBY_RUINS_LIPTOO_CHAMBER/land
leafgreen,6,CHARIZARD,1,36,no,FR_CERULEAN_CAVE_B1F/land; FR_SAFARI_ZONE_WEST/land
leafgreen,7,SQUIRTLE,1,2,no,FR_FIVE_ISLAND_MEADOW/land; FR_ROUTE_1/land
leafgreen,8,WARTORTLE,1,16,no,FR_CERULEAN_CAVE_1F/land; FR_SEVEN_ISLAND_TANOBY_RUINS_MONEAN_CHAMBER/land
leafgreen,9,BLASTOISE,1,36,no,FR_CERULEAN_CAVE_2F/land; FR_SIX_ISLAND_RUIN_VALLEY/land
leafgreen,10,CATERPIE,1,2,no,FR_ROUTE_2/land; FR_ROUTE_24/land; FR_ROUTE_25/land; FR_SIX_ISLAND_PATTERN_BUSH/land; FR_VIRIDIAN_FOREST/land
leafgreen,11,METAPOD,1,7,no,FR_ROUTE_24/land; FR_ROUTE_25/land; FR_SIX_ISLAND_PATTERN_BUSH/land; FR_VIRIDIAN_FOREST/land
leafgreen,12,BUTTERFREE,1,10,no,FR_ROUTE_24/land; FR_ROUTE_25/land
leafgreen,13,WEEDLE,1,2,no,FR_ROUTE_2/land; FR_ROUTE_24/land; FR_ROUTE_25/land; FR_SIX_ISLAND_PATTERN_BUSH/land; FR_VIRIDIAN_FOREST/land
leafgreen,14,KAKUNA,1,7,no,FR_ROUTE_24/land; FR_ROUTE_25/land; FR_SIX_ISLAND_PATTERN_BUSH/land; FR_VIRIDIAN_FOREST/land
leafgreen,15,BEEDRILL,1,10,no,FR_ROUTE_24/land; FR_THREE_ISLAND_BERRY_FOREST/land
leafgreen,16,PIDGEY,1,2,no,FR_FIVE_ISLAND_MEADOW/land; FR_ROUTE_1/land; FR_ROUTE_12/land; FR_ROUTE_13/land; FR_ROUTE_14/land; FR_ROUTE_15/land; FR_ROUTE_2/land; FR_ROUTE_24/land; FR_ROUTE_25/land; FR_ROUTE_3/land; FR_ROUTE_5/land; FR_ROUTE_6/land; FR_ROUTE_7/land; FR_ROUTE_8/land; FR_THREE_ISLAND_BERRY_FOREST/land; FR_THREE_ISLAND_BOND_BRIDGE/land
leafgreen,17,PIDGEOTTO,1,18,no,FR_FIVE_ISLAND_MEADOW/land; FR_ROUTE_13/land; FR_ROUTE_14/land; FR_ROUTE_15/land; FR_THREE_ISLAND_BERRY_FOREST/land; FR_THREE_ISLAND_BOND_BRIDGE/land
leafgreen,18,PIDGEOT,1,36,no,FR_ROUTE_14/land; FR_THREE_ISLAND_PORT/land
leafgreen,19,RATTATA,1,2,no,FR_POKEMON_MANSION_1F/land; FR_POKEMON_MANSION_2F/land; FR_POKEMON_MANSION_3F/land; FR_POKEMON_MANSION_B1F/land; FR_ROUTE_1/land; FR_ROUTE_16/land; FR_ROUTE_17/land; FR_ROUTE_18/land; FR_ROUTE_2/land; FR_ROUTE_22/land; FR_ROUTE_4/land; FR_ROUTE_9/land
leafgreen,20,RATICATE,1,20,no,FR_POKEMON_MANSION_1F/land; FR_POKEMON_MANSION_2F/land; FR_POKEMON_MANSION_3F/land; FR_POKEMON_MANSION_B1F/land; FR_ROUTE_16/land; FR_ROUTE_17/land; FR_ROUTE_18/land
leafgreen,21,SPEAROW,1,2,no,FR_MT_EMBER_EXTERIOR/land; FR_ROUTE_10/land; FR_ROUTE_11/land; FR_ROUTE_16/land; FR_ROUTE_17/land; FR_ROUTE_18/land; FR_ROUTE_22/land; FR_ROUTE_23/land; FR_ROUTE_3/land; FR_ROUTE_4/land; FR_ROUTE_9/land; FR_SEVEN_ISLAND_SEVAULT_CANYON_ENTRANCE/land; FR_SIX_ISLAND_RUIN_VALLEY/land; FR_SIX_ISLAND_WATER_PATH/land; FR_TWO_ISLAND_CAPE_BRINK/land; SEVII_ONE_ISLAND_KINDLE_ROAD/land; SEVII_ONE_ISLAND_TREASURE_BEACH/land
leafgreen,22,FEAROW,1,20,no,FR_MT_EMBER_EXTERIOR/land; FR_ROUTE_17/land; FR_ROUTE_18/land; FR_ROUTE_23/land; FR_SEVEN_ISLAND_SEVAULT_CANYON/land; FR_SEVEN_ISLAND_SEVAULT_CANYON_ENTRANCE/land; FR_SIX_ISLAND_RUIN_VALLEY/land; FR_SIX_ISLAND_WATER_PATH/land; FR_TWO_ISLAND_CAPE_BRINK/land; SEVII_ONE_ISLAND_KINDLE_ROAD/land; SEVII_ONE_ISLAND_TREASURE_BEACH/land
leafgreen,23,EKANS,1,2,no,FR_CERULEAN_CAVE_B1F/land; FR_SEVEN_ISLAND_TANOBY_RUINS_VIAPOIS_CHAMBER/land
leafgreen,24,ARBOK,1,22,no,FR_SAFARI_ZONE_CENTER/land; FR_SEVEN_ISLAND_TANOBY_RUINS_DILFORD_CHAMBER/land
leafgreen,25,PIKACHU,1,2,no,FR_POWER_PLANT/land; FR_VIRIDIAN_FOREST/land
leafgreen,26,RAICHU,1,40,no,FR_POWER_PLANT/land
leafgreen,27,SANDSHREW,1,2,no,FR_CERULEAN_CAVE_1F/rocks; FR_ROUTE_10/land; FR_ROUTE_11/land; FR_ROUTE_23/land; FR_ROUTE_4/land; FR_ROUTE_8/land; FR_ROUTE_9/land; FR_SEVEN_ISLAND_SEVAULT_CANYON/rocks
leafgreen,28,SANDSLASH,1,22,no,FR_MT_EMBER_RUBY_PATH_B2F_STAIRS/rocks; FR_MT_EMBER_SUMMIT_PATH_2F/rocks; FR_ROUTE_23/land; FR_VICTORY_ROAD_1F/land; FR_VICTORY_ROAD_2F/land; FR_VICTORY_ROAD_3F/land
leafgreen,29,NIDORAN_F,1,2,no,FR_ROUTE_3/land; FR_SAFARI_ZONE_CENTER/land; FR_SAFARI_ZONE_EAST/land; FR_SAFARI_ZONE_NORTH/land; FR_SAFARI_ZONE_WEST/land
leafgreen,30,NIDORINA,1,16,no,FR_SAFARI_ZONE_CENTER/land; FR_SAFARI_ZONE_EAST/land; FR_SAFARI_ZONE_NORTH/land; FR_SAFARI_ZONE_WEST/land
leafgreen,31,NIDOQUEEN,1,40,no,FR_ROUTE_15/land; FR_TWO_ISLAND_CAPE_BRINK/land
leafgreen,32,NIDORAN_M,1,2,no,FR_ROUTE_3/land; FR_SAFARI_ZONE_EAST/land; FR_SAFARI_ZONE_WEST/land
leafgreen,33,NIDORINO,1,16,no,FR_SAFARI_ZONE_CENTER/land; FR_SAFARI_ZONE_NORTH/land
leafgreen,34,NIDOKING,1,40,no,FR_ROUTE_23/land; FR_TWO_ISLAND_CAPE_BRINK/land
leafgreen,35,CLEFAIRY,1,25,no,FR_MT_MOON_1F/land; FR_MT_MOON_B2F/land
leafgreen,36,CLEFABLE,1,40,no,FR_CERULEAN_CAVE_1F/land; FR_SIX_ISLAND_RUIN_VALLEY/land
leafgreen,37,VULPIX,1,2,no,FR_POKEMON_MANSION_1F/land; FR_POKEMON_MANSION_2F/land; FR_POKEMON_MANSION_3F/land; FR_POKEMON_MANSION_B1F/land; FR_ROUTE_7/land; FR_ROUTE_8/land
leafgreen,38,NINETALES,1,25,no,FR_MT_EMBER_RUBY_PATH_1F/land; FR_POKEMON_MANSION_2F/land
leafgreen,39,JIGGLYPUFF,1,25,no,FR_CERULEAN_CAVE_2F/land; FR_ROUTE_3/land
leafgreen,40,WIGGLYTUFF,1,40,no,FR_CERULEAN_CAVE_B1F/land; FR_SIX_ISLAND_RUIN_VALLEY/land
leafgreen,41,ZUBAT,1,2,no,FR_FIVE_ISLAND_LOST_CAVE_ROOM1/land; FR_FIVE_ISLAND_LOST_CAVE_ROOM10/land; FR_FIVE_ISLAND_LOST_CAVE_ROOM11/land; FR_FIVE_ISLAND_LOST_CAVE_ROOM12/land; FR_FIVE_ISLAND_LOST_CAVE_ROOM13/land; FR_FIVE_ISLAND_LOST_CAVE_ROOM14/land; FR_FIVE_ISLAND_LOST_CAVE_ROOM2/land; FR_FIVE_ISLAND_LOST_CAVE_ROOM3/land; FR_FIVE_ISLAND_LOST_CAVE_ROOM4/land; FR_FIVE_ISLAND_LOST_CAVE_ROOM5/land; FR_FIVE_ISLAND_LOST_CAVE_ROOM6/land; FR_FIVE_ISLAND_LOST_CAVE_ROOM7/land; FR_FIVE_ISLAND_LOST_CAVE_ROOM8/land; FR_FIVE_ISLAND_LOST_CAVE_ROOM9/land; FR_FOUR_ISLAND_ICEFALL_CAVE_1F/land; FR_FOUR_ISLAND_ICEFALL_CAVE_B1F/land; FR_FOUR_ISLAND_ICEFALL_CAVE_BACK/land; FR_FOUR_ISLAND_ICEFALL_CAVE_ENTRANCE/land; FR_MT_EMBER_RUBY_PATH_B1F/rocks; FR_MT_MOON_1F/land; FR_MT_MOON_B2F/land; FR_ROCK_TUNNEL_1F/land; FR_ROCK_TUNNEL_B1F/land; FR_SEAFOAM_ISLANDS_1F/land; FR_SEAFOAM_ISLANDS_B1F/land; FR_SEAFOAM_ISLANDS_B2F/land; FR_SEAFOAM_ISLANDS_B3F/land; FR_SEVEN_ISLAND_SEVAULT_CANYON/rocks; FR_SIX_ISLAND_ALTERING_CAVE/land; FR_VICTORY_ROAD_1F/land; FR_VICTORY_ROAD_2F/land; FR_VICTORY_ROAD_3F/land
leafgreen,42,GOLBAT,1,22,no,FR_CERULEAN_CAVE_1F/land; FR_CERULEAN_CAVE_1F/rocks; FR_CERULEAN_CAVE_2F/land; FR_CERULEAN_CAVE_B1F/land; FR_FIVE_ISLAND_LOST_CAVE_ROOM1/land; FR_FIVE_ISLAND_LOST_CAVE_ROOM10/land; FR_FIVE_ISLAND_LOST_CAVE_ROOM11/land; FR_FIVE_ISLAND_LOST_CAVE_ROOM12/land; FR_FIVE_ISLAND_LOST_CAVE_ROOM13/land; FR_FIVE_ISLAND_LOST_CAVE_ROOM14/land; FR_FIVE_ISLAND_LOST_CAVE_ROOM2/land; FR_FIVE_ISLAND_LOST_CAVE_ROOM3/land; FR_FIVE_ISLAND_LOST_CAVE_ROOM4/land; FR_FIVE_ISLAND_LOST_CAVE_ROOM5/land; FR_FIVE_ISLAND_LOST_CAVE_ROOM6/land; FR_FIVE_ISLAND_LOST_CAVE_ROOM7/land; FR_FIVE_ISLAND_LOST_CAVE_ROOM8/land; FR_FIVE_ISLAND_LOST_CAVE_ROOM9/land; FR_FOUR_ISLAND_ICEFALL_CAVE_1F/land; FR_FOUR_ISLAND_ICEFALL_CAVE_B1F/land; FR_FOUR_ISLAND_ICEFALL_CAVE_BACK/land; FR_FOUR_ISLAND_ICEFALL_CAVE_ENTRANCE/land; FR_MT_EMBER_RUBY_PATH_B1F_STAIRS/rocks; FR_SEAFOAM_ISLANDS_1F/land; FR_SEAFOAM_ISLANDS_B1F/land; FR_SEAFOAM_ISLANDS_B2F/land; FR_SEAFOAM_ISLANDS_B3F/land; FR_SEAFOAM_ISLANDS_B4F/land; FR_VICTORY_ROAD_1F/land; FR_VICTORY_ROAD_2F/land; FR_VICTORY_ROAD_3F/land
leafgreen,43,ODDISH,1,2,no,FR_ROUTE_25/land; FR_THREE_ISLAND_BERRY_FOREST/land
leafgreen,44,GLOOM,1,21,no,FR_SAFARI_ZONE_EAST/land; FR_SIX_ISLAND_PATTERN_BUSH/land
leafgreen,45,VILEPLUME,1,40,no,FR_SAFARI_ZONE_EAST/land; FR_THREE_ISLAND_BOND_BRIDGE/land
leafgreen,46,PARAS,1,2,no,FR_MT_MOON_1F/land; FR_MT_MOON_B1F/land; FR_MT_MOON_B2F/land; FR_SAFARI_ZONE_EAST/land; FR_SAFARI_ZONE_NORTH/land
leafgreen,47,PARASECT,1,24,no,FR_CERULEAN_CAVE_1F/land; FR_CERULEAN_CAVE_2F/land; FR_CERULEAN_CAVE_B1F/land; FR_SAFARI_ZONE_CENTER/land; FR_SAFARI_ZONE_EAST/land
leafgreen,48,VENONAT,1,2,no,FR_ROUTE_12/land; FR_ROUTE_13/land; FR_ROUTE_14/land; FR_ROUTE_15/land; FR_SAFARI_ZONE_CENTER/land; FR_SAFARI_ZONE_WEST/land; FR_THREE_ISLAND_BERRY_FOREST/land; FR_THREE_ISLAND_BOND_BRIDGE/land
leafgreen,49,VENOMOTH,1,31,no,FR_SAFARI_ZONE_NORTH/land; FR_SAFARI_ZONE_WEST/land; FR_THREE_ISLAND_BERRY_FOREST/land
leafgreen,50,DIGLETT,1,2,no,FR_DIGLETTS_CAVE_B1F/land; FR_MT_MOON_B2F/land; FR_ROCK_TUNNEL_B1F/rocks; SEVII_ONE_ISLAND_KINDLE_ROAD/rocks
leafgreen,51,DUGTRIO,1,26,no,FR_DIGLETTS_CAVE_B1F/land; FR_MT_EMBER_SUMMIT_PATH_2F/rocks; FR_ROCK_TUNNEL_B1F/land; FR_ROCK_TUNNEL_B1F/rocks
leafgreen,52,MEOWTH,1,2,no,FR_FIVE_ISLAND_MEADOW/land; FR_ROUTE_5/land; FR_ROUTE_6/land; FR_ROUTE_7/land; FR_ROUTE_8/land; FR_SEVEN_ISLAND_SEVAULT_CANYON/land; FR_SEVEN_ISLAND_SEVAULT_CANYON_ENTRANCE/land; FR_SIX_ISLAND_RUIN_VALLEY/land; FR_SIX_ISLAND_WATER_PATH/land; FR_THREE_ISLAND_BOND_BRIDGE/land; FR_TWO_ISLAND_CAPE_BRINK/land; SEVII_ONE_ISLAND_KINDLE_ROAD/land; SEVII_ONE_ISLAND_TREASURE_BEACH/land
leafgreen,53,PERSIAN,1,28,no,FR_FIVE_ISLAND_MEADOW/land; FR_SEVEN_ISLAND_SEVAULT_CANYON/land; FR_SEVEN_ISLAND_SEVAULT_CANYON_ENTRANCE/land; FR_SIX_ISLAND_RUIN_VALLEY/land; FR_SIX_ISLAND_WATER_PATH/land; FR_THREE_ISLAND_BOND_BRIDGE/land; FR_TWO_ISLAND_CAPE_BRINK/land; SEVII_ONE_ISLAND_KINDLE_ROAD/land; SEVII_ONE_ISLAND_TREASURE_BEACH/land
leafgreen,54,PSYDUCK,1,2,no,FR_ROUTE_12/land; FR_ROUTE_22/fishing; FR_ROUTE_22/water; FR_ROUTE_6/fishing; FR_ROUTE_6/land; FR_ROUTE_6/water
leafgreen,55,GOLDUCK,1,33,no,FR_FOUR_ISLAND_ICEFALL_CAVE_BACK/fishing; FR_ROUTE_12/land; FR_ROUTE_22/water; FR_ROUTE_23/water; FR_SAFARI_ZONE_NORTH/land; SEVII_ONE_ISLAND_KINDLE_ROAD/fishing
leafgreen,56,MANKEY,1,2,no,FR_ROCK_TUNNEL_1F/land; FR_ROCK_TUNNEL_B1F/land; FR_ROUTE_22/land; FR_ROUTE_23/land; FR_ROUTE_3/land; FR_ROUTE_4/land
leafgreen,57,PRIMEAPE,1,28,no,FR_CERULEAN_CAVE_1F/land; FR_ROUTE_23/land; FR_VICTORY_ROAD_2F/land
leafgreen,58,GROWLITHE,1,2,no,FR_MT_EMBER_RUBY_PATH_1F/land; FR_POKEMON_MANSION_3F/land
leafgreen,59,ARCANINE,1,25,no,FR_MT_EMBER_RUBY_PATH_B1F_STAIRS/land; FR_POKEMON_MANSION_B1F/land
leafgreen,60,POLIWAG,1,2,no,FR_CERULEAN_CAVE_1F/fishing; FR_CERULEAN_CAVE_B1F/fishing; FR_FOUR_ISLAND/fishing; FR_FOUR_ISLAND_ICEFALL_CAVE_ENTRANCE/fishing; FR_FUCHSIA_CITY/fishing; FR_ROUTE_22/fishing; FR_ROUTE_23/fishing; FR_ROUTE_25/fishing; FR_ROUTE_6/fishing; FR_ROUTE_6/land; FR_SAFARI_ZONE_CENTER/fishing; FR_SAFARI_ZONE_EAST/fishing; FR_SAFARI_ZONE_NORTH/fishing; FR_SAFARI_ZONE_NORTH/land; FR_SAFARI_ZONE_NORTH/water; FR_SAFARI_ZONE_WEST/fishing; FR_SIX_ISLAND_RUIN_VALLEY/fishing; FR_THREE_ISLAND_BERRY_FOREST/fishing; FR_TWO_ISLAND_CAPE_BRINK/fishing; FR_TWO_ISLAND_CAPE_BRINK/water; FR_VIRIDIAN_CITY/fishing
leafgreen,61,POLIWHIRL,1,25,no,FR_CELADON_CITY/water; FR_CERULEAN_CAVE_1F/fishing; FR_CERULEAN_CAVE_B1F/fishing; FR_FOUR_ISLAND/fishing; FR_FOUR_ISLAND_ICEFALL_CAVE_ENTRANCE/fishing; FR_ROUTE_12/land; FR_ROUTE_22/fishing; FR_ROUTE_23/fishing; FR_ROUTE_25/fishing; FR_ROUTE_6/fishing; FR_SAFARI_ZONE_EAST/water; FR_SAFARI_ZONE_NORTH/land; FR_SIX_ISLAND_RUIN_VALLEY/fishing; FR_TWO_ISLAND_CAPE_BRINK/fishing; FR_VIRIDIAN_CITY/fishing
leafgreen,62,POLIWRATH,1,40,no,FR_CELADON_CITY/fishing; FR_FUCHSIA_CITY/water; FR_SAFARI_ZONE_NORTH/land; FR_SAFARI_ZONE_NORTH/water
leafgreen,63,ABRA,1,2,no,FR_ROUTE_24/land; FR_ROUTE_25/land
leafgreen,64,KADABRA,1,16,no,FR_CERULEAN_CAVE_2F/land; FR_CERULEAN_CAVE_B1F/land
leafgreen,65,ALAKAZAM,1,40,no,FR_SAFARI_ZONE_CENTER/land; FR_SAFARI_ZONE_WEST/land
leafgreen,66,MACHOP,1,2,no,FR_CERULEAN_CAVE_B1F/rocks; FR_MT_EMBER_EXTERIOR/land; FR_MT_EMBER_RUBY_PATH_1F/land; FR_MT_EMBER_SUMMIT_PATH_1F/land; FR_MT_EMBER_SUMMIT_PATH_2F/land; FR_MT_EMBER_SUMMIT_PATH_3F/land; FR_ROCK_TUNNEL_1F/land; FR_ROCK_TUNNEL_B1F/land; FR_ROCK_TUNNEL_B1F/rocks; FR_VICTORY_ROAD_1F/land; FR_VICTORY_ROAD_2F/land; FR_VICTORY_ROAD_3F/land
leafgreen,67,MACHOKE,1,28,no,FR_CERULEAN_CAVE_1F/land; FR_CERULEAN_CAVE_2F/land; FR_CERULEAN_CAVE_B1F/land; FR_MT_EMBER_RUBY_PATH_1F/land; FR_MT_EMBER_RUBY_PATH_1F/rocks; FR_MT_EMBER_SUMMIT_PATH_2F/land; FR_SEVEN_ISLAND_SEVAULT_CANYON/rocks; FR_VICTORY_ROAD_1F/land; FR_VICTORY_ROAD_2F/land; FR_VICTORY_ROAD_3F/land
leafgreen,68,MACHAMP,1,40,no,FR_CERULEAN_CAVE_1F/rocks; FR_CERULEAN_CAVE_2F/rocks; FR_VICTORY_ROAD_1F/land; FR_VICTORY_ROAD_3F/land
leafgreen,69,BELLSPROUT,1,2,no,FR_ROUTE_12/land; FR_ROUTE_13/land; FR_ROUTE_14/land; FR_ROUTE_15/land; FR_ROUTE_24/land; FR_ROUTE_25/land; FR_ROUTE_5/land; FR_ROUTE_6/land; FR_ROUTE_7/land; FR_SIX_ISLAND_WATER_PATH/land; FR_THREE_ISLAND_BERRY_FOREST/land; FR_THREE_ISLAND_BOND_BRIDGE/land; FR_TWO_ISLAND_CAPE_BRINK/land
leafgreen,70,WEEPINBELL,1,21,no,FR_ROUTE_12/land; FR_ROUTE_13/land; FR_ROUTE_14/land; FR_ROUTE_15/land; FR_SIX_ISLAND_WATER_PATH/land; FR_THREE_ISLAND_BERRY_FOREST/land; FR_THREE_ISLAND_BOND_BRIDGE/land; FR_TWO_ISLAND_CAPE_BRINK/land
leafgreen,71,VICTREEBEL,1,40,no,FR_SAFARI_ZONE_EAST/land; FR_THREE_ISLAND_BOND_BRIDGE/land
leafgreen,72,TENTACOOL,1,2,no,FR_CERULEAN_CITY/water; FR_CINNABAR_ISLAND/water; FR_FIVE_ISLAND/water; FR_FIVE_ISLAND_MEADOW/water; FR_FIVE_ISLAND_MEMORIAL_PILLAR/water; FR_FIVE_ISLAND_RESORT_GORGEOUS/water; FR_FIVE_ISLAND_WATER_LABYRINTH/water; FR_FOUR_ISLAND_ICEFALL_CAVE_BACK/water; FR_PALLET_TOWN/water; FR_ROUTE_10/water; FR_ROUTE_11/water; FR_ROUTE_12/water; FR_ROUTE_13/water; FR_ROUTE_19/fishing; FR_ROUTE_19/water; FR_ROUTE_20/water; FR_ROUTE_21_NORTH/water; FR_ROUTE_21_SOUTH/water; FR_ROUTE_24/water; FR_ROUTE_4/water; FR_SEVEN_ISLAND_TANOBY_RUINS/water; FR_SEVEN_ISLAND_TRAINER_TOWER/water; FR_SIX_ISLAND_GREEN_PATH/water; FR_SIX_ISLAND_OUTCAST_ISLAND/water; FR_SIX_ISLAND_WATER_PATH/water; FR_SSANNE_EXTERIOR/fishing; FR_SSANNE_EXTERIOR/water; FR_THREE_ISLAND_BOND_BRIDGE/water; FR_VERMILION_CITY/water; SEVII_ONE_ISLAND/water; SEVII_ONE_ISLAND_KINDLE_ROAD/water; SEVII_ONE_ISLAND_TREASURE_BEACH/water
leafgreen,73,TENTACRUEL,1,30,no,FR_FIVE_ISLAND/water; FR_FIVE_ISLAND_MEADOW/water; FR_FIVE_ISLAND_MEMORIAL_PILLAR/water; FR_FIVE_ISLAND_RESORT_GORGEOUS/water; FR_FIVE_ISLAND_WATER_LABYRINTH/water; FR_FOUR_ISLAND_ICEFALL_CAVE_BACK/water; FR_ROUTE_10/fishing; FR_ROUTE_20/fishing; FR_SEVEN_ISLAND_TANOBY_RUINS/water; FR_SEVEN_ISLAND_TRAINER_TOWER/water; FR_SIX_ISLAND_GREEN_PATH/water; FR_SIX_ISLAND_OUTCAST_ISLAND/water; FR_SIX_ISLAND_WATER_PATH/water; FR_THREE_ISLAND_BOND_BRIDGE/water; SEVII_ONE_ISLAND/water; SEVII_ONE_ISLAND_KINDLE_ROAD/water; SEVII_ONE_ISLAND_TREASURE_BEACH/water
leafgreen,74,GEODUDE,1,2,no,FR_CERULEAN_CAVE_1F/rocks; FR_CERULEAN_CAVE_2F/rocks; FR_CERULEAN_CAVE_B1F/rocks; FR_MT_EMBER_EXTERIOR/land; FR_MT_EMBER_EXTERIOR/rocks; FR_MT_EMBER_RUBY_PATH_1F/land; FR_MT_EMBER_RUBY_PATH_1F/rocks; FR_MT_EMBER_RUBY_PATH_B1F/land; FR_MT_EMBER_RUBY_PATH_B1F/rocks; FR_MT_EMBER_RUBY_PATH_B1F_STAIRS/land; FR_MT_EMBER_RUBY_PATH_B1F_STAIRS/rocks; FR_MT_EMBER_RUBY_PATH_B2F/land; FR_MT_EMBER_RUBY_PATH_B2F/rocks; FR_MT_EMBER_RUBY_PATH_B2F_STAIRS/land; FR_MT_EMBER_RUBY_PATH_B2F_STAIRS/rocks; FR_MT_EMBER_SUMMIT_PATH_1F/land; FR_MT_EMBER_SUMMIT_PATH_2F/land; FR_MT_EMBER_SUMMIT_PATH_2F/rocks; FR_MT_EMBER_SUMMIT_PATH_3F/land; FR_MT_MOON_1F/land; FR_MT_MOON_B2F/land; FR_ROCK_TUNNEL_1F/land; FR_ROCK_TUNNEL_B1F/land; FR_ROCK_TUNNEL_B1F/rocks; FR_SEVEN_ISLAND_SEVAULT_CANYON/land; FR_SEVEN_ISLAND_SEVAULT_CANYON/rocks; FR_VICTORY_ROAD_1F/land; FR_VICTORY_ROAD_2F/land; FR_VICTORY_ROAD_3F/land; SEVII_ONE_ISLAND_KINDLE_ROAD/land; SEVII_ONE_ISLAND_KINDLE_ROAD/rocks
leafgreen,75,GRAVELER,1,25,no,FR_CERULEAN_CAVE_1F/rocks; FR_CERULEAN_CAVE_2F/rocks; FR_CERULEAN_CAVE_B1F/rocks; FR_MT_EMBER_EXTERIOR/rocks; FR_MT_EMBER_RUBY_PATH_1F/rocks; FR_MT_EMBER_RUBY_PATH_B1F/rocks; FR_MT_EMBER_RUBY_PATH_B1F_STAIRS/rocks; FR_MT_EMBER_RUBY_PATH_B2F/rocks; FR_MT_EMBER_RUBY_PATH_B2F_STAIRS/rocks; FR_MT_EMBER_SUMMIT_PATH_2F/rocks; FR_ROCK_TUNNEL_1F/land; FR_ROCK_TUNNEL_B1F/rocks; FR_SEVEN_ISLAND_SEVAULT_CANYON/rocks; FR_VICTORY_ROAD_1F/land; SEVII_ONE_ISLAND_KINDLE_ROAD/rocks
leafgreen,76,GOLEM,1,40,no,FR_MT_EMBER_RUBY_PATH_B1F_STAIRS/rocks; FR_SEVEN_ISLAND_SEVAULT_CANYON/land; FR_SEVEN_ISLAND_SEVAULT_CANYON/rocks; FR_VICTORY_ROAD_1F/land
leafgreen,77,PONYTA,1,2,no,FR_MT_EMBER_EXTERIOR/land; SEVII_ONE_ISLAND_KINDLE_ROAD/land
leafgreen,78,RAPIDASH,1,40,no,FR_MT_EMBER_EXTERIOR/land; SEVII_ONE_ISLAND_KINDLE_ROAD/land
leafgreen,79,SLOWPOKE,1,2,no,FR_CELADON_CITY/water; FR_CERULEAN_CAVE_1F/fishing; FR_CERULEAN_CAVE_1F/water; FR_CERULEAN_CAVE_B1F/fishing; FR_CERULEAN_CAVE_B1F/water; FR_CERULEAN_CITY/fishing; FR_CINNABAR_ISLAND/fishing; FR_FIVE_ISLAND/fishing; FR_FIVE_ISLAND_MEADOW/fishing; FR_FIVE_ISLAND_MEADOW/land; FR_FIVE_ISLAND_MEMORIAL_PILLAR/fishing; FR_FIVE_ISLAND_RESORT_GORGEOUS/fishing; FR_FIVE_ISLAND_WATER_LABYRINTH/fishing; FR_FOUR_ISLAND/fishing; FR_FOUR_ISLAND/water; FR_FOUR_ISLAND_ICEFALL_CAVE_BACK/fishing; FR_FOUR_ISLAND_ICEFALL_CAVE_BACK/land; FR_FOUR_ISLAND_ICEFALL_CAVE_ENTRANCE/fishing; FR_FOUR_ISLAND_ICEFALL_CAVE_ENTRANCE/land; FR_FOUR_ISLAND_ICEFALL_CAVE_ENTRANCE/water; FR_FUCHSIA_CITY/fishing; FR_FUCHSIA_CITY/water; FR_PALLET_TOWN/fishing; FR_ROUTE_10/fishing; FR_ROUTE_11/fishing; FR_ROUTE_12/fishing; FR_ROUTE_13/fishing; FR_ROUTE_19/fishing; FR_ROUTE_20/fishing; FR_ROUTE_21_NORTH/fishing; FR_ROUTE_21_SOUTH/fishing; FR_ROUTE_22/fishing; FR_ROUTE_22/water; FR_ROUTE_23/fishing; FR_ROUTE_23/water; FR_ROUTE_24/fishing; FR_ROUTE_25/fishing; FR_ROUTE_25/water; FR_ROUTE_4/fishing; FR_ROUTE_6/fishing; FR_ROUTE_6/water; FR_SAFARI_ZONE_CENTER/fishing; FR_SAFARI_ZONE_CENTER/water; FR_SAFARI_ZONE_EAST/fishing; FR_SAFARI_ZONE_EAST/water; FR_SAFARI_ZONE_NORTH/fishing; FR_SAFARI_ZONE_NORTH/water; FR_SAFARI_ZONE_WEST/fishing; FR_SAFARI_ZONE_WEST/water; FR_SEAFOAM_ISLANDS_1F/land; FR_SEAFOAM_ISLANDS_B1F/land; FR_SEAFOAM_ISLANDS_B2F/land; FR_SEAFOAM_ISLANDS_B3F/fishing; FR_SEAFOAM_ISLANDS_B3F/land; FR_SEAFOAM_ISLANDS_B3F/water; FR_SEAFOAM_ISLANDS_B4F/fishing; FR_SEAFOAM_ISLANDS_B4F/land; FR_SEAFOAM_ISLANDS_B4F/water; FR_SEVEN_ISLAND_SEVAULT_CANYON_ENTRANCE/land; FR_SEVEN_ISLAND_TANOBY_RUINS/fishing; FR_SEVEN_ISLAND_TRAINER_TOWER/fishing; FR_SIX_ISLAND_GREEN_PATH/fishing; FR_SIX_ISLAND_OUTCAST_ISLAND/fishing; FR_SIX_ISLAND_RUIN_VALLEY/fishing; FR_SIX_ISLAND_RUIN_VALLEY/land; FR_SIX_ISLAND_WATER_PATH/fishing; FR_SIX_ISLAND_WATER_PATH/land; FR_SSANNE_EXTERIOR/fishing; FR_THREE_ISLAND_BERRY_FOREST/fishing; FR_THREE_ISLAND_BERRY_FOREST/land; FR_THREE_ISLAND_BERRY_FOREST/water; FR_THREE_ISLAND_BOND_BRIDGE/fishing; FR_THREE_ISLAND_BOND_BRIDGE/land; FR_TWO_ISLAND_CAPE_BRINK/fishing; FR_TWO_ISLAND_CAPE_BRINK/land; FR_TWO_ISLAND_CAPE_BRINK/water; FR_VERMILION_CITY/fishing; FR_VIRIDIAN_CITY/fishing; FR_VIRIDIAN_CITY/water; SEVII_ONE_ISLAND/fishing; SEVII_ONE_ISLAND_KINDLE_ROAD/fishing; SEVII_ONE_ISLAND_KINDLE_ROAD/land; SEVII_ONE_ISLAND_TREASURE_BEACH/fishing; SEVII_ONE_ISLAND_TREASURE_BEACH/land
leafgreen,80,SLOWBRO,1,37,no,FR_CELADON_CITY/fishing; FR_CERULEAN_CAVE_1F/water; FR_CERULEAN_CAVE_B1F/water; FR_CINNABAR_ISLAND/fishing; FR_SEAFOAM_ISLANDS_B1F/land; FR_SEAFOAM_ISLANDS_B2F/land; FR_SEAFOAM_ISLANDS_B3F/land; FR_SEAFOAM_ISLANDS_B3F/water; FR_SEAFOAM_ISLANDS_B4F/land; FR_SEAFOAM_ISLANDS_B4F/water; FR_THREE_ISLAND_BERRY_FOREST/water; FR_TWO_ISLAND_CAPE_BRINK/land; FR_TWO_ISLAND_CAPE_BRINK/water
leafgreen,81,MAGNEMITE,1,2,no,FR_POWER_PLANT/land
leafgreen,82,MAGNETON,1,30,no,FR_CERULEAN_CAVE_1F/land; FR_CERULEAN_CAVE_2F/land; FR_CERULEAN_CAVE_B1F/land; FR_POWER_PLANT/land
leafgreen,83,FARFETCHD,1,2,no,FR_CERULEAN_CAVE_1F/land; FR_SAFARI_ZONE_CENTER/land
leafgreen,84,DODUO,1,2,no,FR_ROUTE_16/land; FR_ROUTE_17/land; FR_ROUTE_18/land; FR_SAFARI_ZONE_EAST/land; FR_SAFARI_ZONE_WEST/land
leafgreen,85,DODRIO,1,31,no,FR_CERULEAN_CAVE_B1F/land; FR_SAFARI_ZONE_CENTER/land
leafgreen,86,SEEL,1,2,no,FR_FOUR_ISLAND_ICEFALL_CAVE_1F/land; FR_FOUR_ISLAND_ICEFALL_CAVE_B1F/land; FR_FOUR_ISLAND_ICEFALL_CAVE_BACK/land; FR_FOUR_ISLAND_ICEFALL_CAVE_ENTRANCE/land; FR_FOUR_ISLAND_ICEFALL_CAVE_ENTRANCE/water; FR_SEAFOAM_ISLANDS_B1F/land; FR_SEAFOAM_ISLANDS_B2F/land; FR_SEAFOAM_ISLANDS_B3F/land; FR_SEAFOAM_ISLANDS_B3F/water; FR_SEAFOAM_ISLANDS_B4F/land; FR_SEAFOAM_ISLANDS_B4F/water
leafgreen,87,DEWGONG,1,34,no,FR_FOUR_ISLAND_ICEFALL_CAVE_BACK/land; FR_FOUR_ISLAND_ICEFALL_CAVE_ENTRANCE/land; FR_FOUR_ISLAND_ICEFALL_CAVE_ENTRANCE/water; FR_SEAFOAM_ISLANDS_B3F/land; FR_SEAFOAM_ISLANDS_B3F/water; FR_SEAFOAM_ISLANDS_B4F/land; FR_SEAFOAM_ISLANDS_B4F/water
leafgreen,88,GRIMER,1,2,no,FR_CELADON_CITY/fishing; FR_POKEMON_MANSION_1F/land; FR_POKEMON_MANSION_2F/land; FR_POKEMON_MANSION_3F/land; FR_POKEMON_MANSION_B1F/land
leafgreen,89,MUK,1,38,no,FR_POKEMON_MANSION_1F/land; FR_POKEMON_MANSION_2F/land; FR_POKEMON_MANSION_3F/land; FR_POKEMON_MANSION_B1F/land
leafgreen,92,GASTLY,1,2,no,FR_FIVE_ISLAND_LOST_CAVE_ROOM1/land; FR_FIVE_ISLAND_LOST_CAVE_ROOM10/land; FR_FIVE_ISLAND_LOST_CAVE_ROOM11/land; FR_FIVE_ISLAND_LOST_CAVE_ROOM12/land; FR_FIVE_ISLAND_LOST_CAVE_ROOM13/land; FR_FIVE_ISLAND_LOST_CAVE_ROOM14/land; FR_FIVE_ISLAND_LOST_CAVE_ROOM2/land; FR_FIVE_ISLAND_LOST_CAVE_ROOM3/land; FR_FIVE_ISLAND_LOST_CAVE_ROOM4/land; FR_FIVE_ISLAND_LOST_CAVE_ROOM5/land; FR_FIVE_ISLAND_LOST_CAVE_ROOM6/land; FR_FIVE_ISLAND_LOST_CAVE_ROOM7/land; FR_FIVE_ISLAND_LOST_CAVE_ROOM8/land; FR_FIVE_ISLAND_LOST_CAVE_ROOM9/land; FR_POKEMON_TOWER_3F/land; FR_POKEMON_TOWER_4F/land; FR_POKEMON_TOWER_5F/land; FR_POKEMON_TOWER_6F/land; FR_POKEMON_TOWER_7F/land
leafgreen,93,HAUNTER,1,25,no,FR_FIVE_ISLAND_LOST_CAVE_ROOM1/land; FR_FIVE_ISLAND_LOST_CAVE_ROOM10/land; FR_FIVE_ISLAND_LOST_CAVE_ROOM11/land; FR_FIVE_ISLAND_LOST_CAVE_ROOM12/land; FR_FIVE_ISLAND_LOST_CAVE_ROOM13/land; FR_FIVE_ISLAND_LOST_CAVE_ROOM14/land; FR_FIVE_ISLAND_LOST_CAVE_ROOM2/land; FR_FIVE_ISLAND_LOST_CAVE_ROOM3/land; FR_FIVE_ISLAND_LOST_CAVE_ROOM4/land; FR_FIVE_ISLAND_LOST_CAVE_ROOM5/land; FR_FIVE_ISLAND_LOST_CAVE_ROOM6/land; FR_FIVE_ISLAND_LOST_CAVE_ROOM7/land; FR_FIVE_ISLAND_LOST_CAVE_ROOM8/land; FR_FIVE_ISLAND_LOST_CAVE_ROOM9/land; FR_POKEMON_TOWER_3F/land; FR_POKEMON_TOWER_4F/land; FR_POKEMON_TOWER_5F/land; FR_POKEMON_TOWER_6F/land; FR_POKEMON_TOWER_7F/land
leafgreen,94,GENGAR,1,40,no,FR_FIVE_ISLAND_LOST_CAVE_ROOM10/land; FR_POKEMON_TOWER_6F/land
leafgreen,95,ONIX,1,18,no,FR_ROCK_TUNNEL_1F/land; FR_ROCK_TUNNEL_B1F/land; FR_ROCK_TUNNEL_B1F/rocks; FR_SEVEN_ISLAND_SEVAULT_CANYON/land; FR_VICTORY_ROAD_1F/land; FR_VICTORY_ROAD_2F/land; FR_VICTORY_ROAD_3F/land; SEVII_ONE_ISLAND_KINDLE_ROAD/rocks
leafgreen,96,DROWZEE,1,2,no,FR_ROUTE_11/land; FR_THREE_ISLAND_BERRY_FOREST/land
leafgreen,97,HYPNO,1,26,no,FR_CERULEAN_CAVE_2F/land; FR_THREE_ISLAND_BERRY_FOREST/land
leafgreen,98,KRABBY,1,2,no,FR_CERULEAN_CITY/fishing; FR_CINNABAR_ISLAND/fishing; FR_FIVE_ISLAND/fishing; FR_FIVE_ISLAND_MEADOW/fishing; FR_FIVE_ISLAND_MEMORIAL_PILLAR/fishing; FR_FIVE_ISLAND_RESORT_GORGEOUS/fishing; FR_FIVE_ISLAND_WATER_LABYRINTH/fishing; FR_FOUR_ISLAND_ICEFALL_CAVE_BACK/fishing; FR_PALLET_TOWN/fishing; FR_ROUTE_10/fishing; FR_ROUTE_11/fishing; FR_ROUTE_12/fishing; FR_ROUTE_13/fishing; FR_ROUTE_19/fishing; FR_ROUTE_20/fishing; FR_ROUTE_21_NORTH/fishing; FR_ROUTE_21_NORTH/land; FR_ROUTE_21_SOUTH/fishing; FR_ROUTE_24/fishing; FR_ROUTE_4/fishing; FR_SEAFOAM_ISLANDS_B1F/land; FR_SEAFOAM_ISLANDS_B3F/fishing; FR_SEAFOAM_ISLANDS_B3F/water; FR_SEAFOAM_ISLANDS_B4F/fishing; FR_SEAFOAM_ISLANDS_B4F/water; FR_SEVEN_ISLAND_TANOBY_RUINS/fishing; FR_SEVEN_ISLAND_TRAINER_TOWER/fishing; FR_SIX_ISLAND_GREEN_PATH/fishing; FR_SIX_ISLAND_OUTCAST_ISLAND/fishing; FR_SIX_ISLAND_WATER_PATH/fishing; FR_SSANNE_EXTERIOR/fishing; FR_THREE_ISLAND_BOND_BRIDGE/fishing; FR_VERMILION_CITY/fishing; SEVII_ONE_ISLAND/fishing; SEVII_ONE_ISLAND_KINDLE_ROAD/fishing; SEVII_ONE_ISLAND_TREASURE_BEACH/fishing
leafgreen,99,KINGLER,1,28,no,FR_FIVE_ISLAND/fishing; FR_FIVE_ISLAND_MEADOW/fishing; FR_FIVE_ISLAND_MEMORIAL_PILLAR/fishing; FR_FIVE_ISLAND_RESORT_GORGEOUS/fishing; FR_FIVE_ISLAND_WATER_LABYRINTH/fishing; FR_FOUR_ISLAND_ICEFALL_CAVE_BACK/fishing; FR_FOUR_ISLAND_ICEFALL_CAVE_BACK/water; FR_PALLET_TOWN/fishing; FR_ROUTE_19/fishing; FR_ROUTE_20/fishing; FR_ROUTE_21_NORTH/fishing; FR_ROUTE_21_NORTH/land; FR_ROUTE_21_NORTH/water; FR_ROUTE_21_SOUTH/fishing; FR_SEAFOAM_ISLANDS_1F/land; FR_SEVEN_ISLAND_TANOBY_RUINS/fishing; FR_SEVEN_ISLAND_TRAINER_TOWER/fishing; FR_SIX_ISLAND_GREEN_PATH/fishing; FR_SIX_ISLAND_OUTCAST_ISLAND/fishing; FR_SIX_ISLAND_WATER_PATH/fishing; FR_THREE_ISLAND_BOND_BRIDGE/fishing; SEVII_ONE_ISLAND/fishing; SEVII_ONE_ISLAND_KINDLE_ROAD/fishing; SEVII_ONE_ISLAND_TREASURE_BEACH/fishing
leafgreen,100,VOLTORB,1,2,no,FR_POWER_PLANT/land; FR_ROUTE_10/land
leafgreen,101,ELECTRODE,1,30,no,FR_CERULEAN_CAVE_1F/land; FR_CERULEAN_CAVE_2F/land; FR_CERULEAN_CAVE_B1F/land
leafgreen,102,EXEGGCUTE,1,2,no,FR_SAFARI_ZONE_CENTER/land; FR_SAFARI_ZONE_EAST/land; FR_SAFARI_ZONE_NORTH/land; FR_SAFARI_ZONE_WEST/land; FR_THREE_ISLAND_BERRY_FOREST/land
leafgreen,103,EXEGGUTOR,1,25,no,FR_SAFARI_ZONE_CENTER/land; FR_SEVEN_ISLAND_TANOBY_RUINS_VIAPOIS_CHAMBER/land
leafgreen,104,CUBONE,1,2,no,FR_POKEMON_TOWER_3F/land; FR_POKEMON_TOWER_4F/land; FR_POKEMON_TOWER_5F/land; FR_POKEMON_TOWER_6F/land; FR_POKEMON_TOWER_7F/land; FR_SEVEN_ISLAND_SEVAULT_CANYON/land
leafgreen,105,MAROWAK,1,28,no,FR_SEVEN_ISLAND_SEVAULT_CANYON/land; FR_VICTORY_ROAD_1F/land; FR_VICTORY_ROAD_2F/land; FR_VICTORY_ROAD_3F/land
leafgreen,106,HITMONLEE,1,20,no,FR_CERULEAN_CAVE_2F/land; FR_SEVEN_ISLAND_TANOBY_RUINS_MONEAN_CHAMBER/land
leafgreen,107,HITMONCHAN,1,20,no,FR_CERULEAN_CAVE_B1F/land; FR_SEVEN_ISLAND_TANOBY_RUINS_MONEAN_CHAMBER/land
leafgreen,108,LICKITUNG,1,2,no,FR_SAFARI_ZONE_CENTER/land; FR_SEVEN_ISLAND_TANOBY_RUINS_RIXY_CHAMBER/land
leafgreen,109,KOFFING,1,2,no,FR_CELADON_CITY/water; FR_POKEMON_MANSION_1F/land; FR_POKEMON_MANSION_2F/land; FR_POKEMON_MANSION_3F/land; FR_POKEMON_MANSION_B1F/land
leafgreen,110,WEEZING,1,35,no,FR_CERULEAN_CAVE_1F/land; FR_SIX_ISLAND_RUIN_VALLEY/land
leafgreen,111,RHYHORN,1,20,no,FR_SAFARI_ZONE_CENTER/land; FR_SAFARI_ZONE_NORTH/land
leafgreen,112,RHYDON,1,42,no,FR_CERULEAN_CAVE_B1F/land; FR_SAFARI_ZONE_CENTER/land
leafgreen,113,CHANSEY,1,25,no,FR_SAFARI_ZONE_CENTER/land; FR_SAFARI_ZONE_NORTH/land
leafgreen,114,TANGELA,1,2,no,FR_ROUTE_21_NORTH/land; FR_ROUTE_21_SOUTH/land; SEVII_ONE_ISLAND_TREASURE_BEACH/land
leafgreen,115,KANGASKHAN,1,25,no,FR_SAFARI_ZONE_EAST/land; FR_SAFARI_ZONE_WEST/land
leafgreen,116,HORSEA,1,2,no,FR_CERULEAN_CITY/fishing; FR_CINNABAR_ISLAND/fishing; FR_PALLET_TOWN/fishing; FR_ROUTE_10/fishing; FR_ROUTE_11/fishing; FR_ROUTE_12/fishing; FR_ROUTE_13/fishing; FR_ROUTE_19/fishing; FR_ROUTE_20/fishing; FR_ROUTE_21_NORTH/fishing; FR_ROUTE_21_SOUTH/fishing; FR_ROUTE_24/fishing; FR_ROUTE_4/fishing; FR_SEAFOAM_ISLANDS_B3F/fishing; FR_SEAFOAM_ISLANDS_B4F/fishing; FR_SSANNE_EXTERIOR/fishing; FR_SSANNE_EXTERIOR/water; FR_VERMILION_CITY/fishing; SEVII_ONE_ISLAND_TREASURE_BEACH/water
leafgreen,117,SEADRA,1,32,no,FR_ROUTE_10/fishing; FR_ROUTE_10/water; FR_ROUTE_11/fishing; FR_ROUTE_11/water
leafgreen,118,GOLDEEN,1,2,no,FR_CERULEAN_CAVE_1F/fishing; FR_CERULEAN_CAVE_B1F/fishing; FR_FOUR_ISLAND/fishing; FR_FOUR_ISLAND_ICEFALL_CAVE_ENTRANCE/fishing; FR_FUCHSIA_CITY/fishing; FR_FUCHSIA_CITY/water; FR_ROUTE_22/fishing; FR_ROUTE_23/fishing; FR_ROUTE_25/fishing; FR_ROUTE_6/fishing; FR_ROUTE_6/water; FR_SAFARI_ZONE_CENTER/fishing; FR_SAFARI_ZONE_EAST/fishing; FR_SAFARI_ZONE_NORTH/fishing; FR_SAFARI_ZONE_WEST/fishing; FR_SIX_ISLAND_RUIN_VALLEY/fishing; FR_THREE_ISLAND_BERRY_FOREST/fishing; FR_TWO_ISLAND_CAPE_BRINK/fishing; FR_VIRIDIAN_CITY/fishing
leafgreen,119,SEAKING,1,33,no,FR_CERULEAN_CAVE_1F/water; FR_FUCHSIA_CITY/fishing; FR_SAFARI_ZONE_CENTER/fishing; FR_SAFARI_ZONE_EAST/fishing; FR_SAFARI_ZONE_NORTH/fishing; FR_SAFARI_ZONE_NORTH/water; FR_SAFARI_ZONE_WEST/fishing; FR_THREE_ISLAND_BERRY_FOREST/fishing
leafgreen,120,STARYU,1,2,no,FR_CINNABAR_ISLAND/fishing; FR_FIVE_ISLAND/fishing; FR_FIVE_ISLAND_WATER_LABYRINTH/water; FR_FOUR_ISLAND_ICEFALL_CAVE_BACK/fishing; FR_PALLET_TOWN/fishing; FR_ROUTE_19/water; FR_SSANNE_EXTERIOR/fishing; FR_VERMILION_CITY/fishing; SEVII_ONE_ISLAND/fishing
leafgreen,121,STARMIE,1,25,no,FR_FOUR_ISLAND_ICEFALL_CAVE_BACK/water; FR_ROUTE_20/fishing; FR_ROUTE_20/water; FR_SSANNE_EXTERIOR/fishing
leafgreen,122,MR_MIME,1,25,no,FR_CERULEAN_CAVE_2F/land; FR_SEVEN_ISLAND_TANOBY_RUINS_RIXY_CHAMBER/land
leafgreen,123,SCYTHER,1,25,no,FR_CERULEAN_CAVE_B1F/land; FR_SAFARI_ZONE_WEST/land
leafgreen,124,JYNX,1,30,no,FR_FOUR_ISLAND_ICEFALL_CAVE_ENTRANCE/land; FR_SEAFOAM_ISLANDS_B3F/land
leafgreen,125,ELECTABUZZ,1,30,no,FR_POWER_PLANT/land
leafgreen,126,MAGMAR,1,30,no,FR_MT_EMBER_EXTERIOR/land; FR_POKEMON_MANSION_3F/land
leafgreen,127,PINSIR,1,25,no,FR_SAFARI_ZONE_CENTER/land; FR_SAFARI_ZONE_EAST/land
leafgreen,128,TAUROS,1,25,no,FR_SAFARI_ZONE_NORTH/land; FR_SAFARI_ZONE_WEST/land
leafgreen,129,MAGIKARP,1,2,no,FR_CELADON_CITY/fishing; FR_CERULEAN_CAVE_1F/fishing; FR_CERULEAN_CAVE_B1F/fishing; FR_CERULEAN_CITY/fishing; FR_CINNABAR_ISLAND/fishing; FR_FIVE_ISLAND/fishing; FR_FIVE_ISLAND_MEADOW/fishing; FR_FIVE_ISLAND_MEMORIAL_PILLAR/fishing; FR_FIVE_ISLAND_RESORT_GORGEOUS/fishing; FR_FIVE_ISLAND_WATER_LABYRINTH/fishing; FR_FOUR_ISLAND/fishing; FR_FOUR_ISLAND/water; FR_FOUR_ISLAND_ICEFALL_CAVE_BACK/fishing; FR_FOUR_ISLAND_ICEFALL_CAVE_ENTRANCE/fishing; FR_FUCHSIA_CITY/fishing; FR_PALLET_TOWN/fishing; FR_ROUTE_10/fishing; FR_ROUTE_11/fishing; FR_ROUTE_12/fishing; FR_ROUTE_13/fishing; FR_ROUTE_19/fishing; FR_ROUTE_20/fishing; FR_ROUTE_21_NORTH/fishing; FR_ROUTE_21_SOUTH/fishing; FR_ROUTE_22/fishing; FR_ROUTE_23/fishing; FR_ROUTE_24/fishing; FR_ROUTE_25/fishing; FR_ROUTE_4/fishing; FR_ROUTE_6/fishing; FR_ROUTE_6/water; FR_SAFARI_ZONE_CENTER/fishing; FR_SAFARI_ZONE_EAST/fishing; FR_SAFARI_ZONE_NORTH/fishing; FR_SAFARI_ZONE_WEST/fishing; FR_SEAFOAM_ISLANDS_B3F/fishing; FR_SEAFOAM_ISLANDS_B4F/fishing; FR_SEVEN_ISLAND_TANOBY_RUINS/fishing; FR_SEVEN_ISLAND_TRAINER_TOWER/fishing; FR_SIX_ISLAND_GREEN_PATH/fishing; FR_SIX_ISLAND_OUTCAST_ISLAND/fishing; FR_SIX_ISLAND_RUIN_VALLEY/fishing; FR_SIX_ISLAND_WATER_PATH/fishing; FR_SSANNE_EXTERIOR/fishing; FR_THREE_ISLAND_BERRY_FOREST/fishing; FR_THREE_ISLAND_BOND_BRIDGE/fishing; FR_TWO_ISLAND_CAPE_BRINK/fishing; FR_VERMILION_CITY/fishing; FR_VIRIDIAN_CITY/fishing; SEVII_ONE_ISLAND/fishing; SEVII_ONE_ISLAND_KINDLE_ROAD/fishing; SEVII_ONE_ISLAND_TREASURE_BEACH/fishing
leafgreen,130,GYARADOS,1,20,no,FR_CERULEAN_CAVE_1F/fishing; FR_CERULEAN_CAVE_B1F/fishing; FR_CERULEAN_CITY/fishing; FR_CINNABAR_ISLAND/fishing; FR_FIVE_ISLAND/fishing; FR_FIVE_ISLAND_MEADOW/fishing; FR_FIVE_ISLAND_MEMORIAL_PILLAR/fishing; FR_FIVE_ISLAND_RESORT_GORGEOUS/fishing; FR_FIVE_ISLAND_WATER_LABYRINTH/fishing; FR_FOUR_ISLAND/fishing; FR_FOUR_ISLAND_ICEFALL_CAVE_BACK/fishing; FR_FOUR_ISLAND_ICEFALL_CAVE_ENTRANCE/fishing; FR_FUCHSIA_CITY/fishing; FR_PALLET_TOWN/fishing; FR_ROUTE_10/fishing; FR_ROUTE_11/fishing; FR_ROUTE_12/fishing; FR_ROUTE_13/fishing; FR_ROUTE_19/fishing; FR_ROUTE_20/fishing; FR_ROUTE_21_NORTH/fishing; FR_ROUTE_21_SOUTH/fishing; FR_ROUTE_22/fishing; FR_ROUTE_22/water; FR_ROUTE_23/fishing; FR_ROUTE_23/water; FR_ROUTE_24/fishing; FR_ROUTE_25/fishing; FR_ROUTE_4/fishing; FR_ROUTE_6/fishing; FR_SEAFOAM_ISLANDS_B3F/fishing; FR_SEAFOAM_ISLANDS_B4F/fishing; FR_SEVEN_ISLAND_TANOBY_RUINS/fishing; FR_SEVEN_ISLAND_TRAINER_TOWER/fishing; FR_SIX_ISLAND_GREEN_PATH/fishing; FR_SIX_ISLAND_OUTCAST_ISLAND/fishing; FR_SIX_ISLAND_RUIN_VALLEY/fishing; FR_SIX_ISLAND_WATER_PATH/fishing; FR_SSANNE_EXTERIOR/fishing; FR_THREE_ISLAND_BERRY_FOREST/fishing; FR_THREE_ISLAND_BOND_BRIDGE/fishing; FR_TWO_ISLAND_CAPE_BRINK/fishing; FR_VERMILION_CITY/fishing; FR_VIRIDIAN_CITY/fishing; SEVII_ONE_ISLAND/fishing; SEVII_ONE_ISLAND_KINDLE_ROAD/fishing; SEVII_ONE_ISLAND_TREASURE_BEACH/fishing
leafgreen,131,LAPRAS,1,2,no,FR_FOUR_ISLAND_ICEFALL_CAVE_BACK/water
leafgreen,132,DITTO,1,2,no,FR_CERULEAN_CAVE_1F/land; FR_CERULEAN_CAVE_2F/land; FR_CERULEAN_CAVE_B1F/land; FR_POKEMON_MANSION_B1F/land; FR_ROUTE_13/land; FR_ROUTE_14/land; FR_ROUTE_15/land
leafgreen,133,EEVEE,1,2,no,FR_CERULEAN_CAVE_B1F/land; FR_SEVEN_ISLAND_TANOBY_RUINS_DILFORD_CHAMBER/land
leafgreen,134,VAPOREON,1,25,no,FR_SAFARI_ZONE_CENTER/land; FR_SAFARI_ZONE_WEST/land
leafgreen,135,JOLTEON,1,25,no,FR_SAFARI_ZONE_WEST/land; FR_SEVEN_ISLAND_TANOBY_RUINS_WEEPTH_CHAMBER/land
leafgreen,136,FLAREON,1,25,no,FR_CERULEAN_CAVE_1F/land; FR_SIX_ISLAND_RUIN_VALLEY/land
leafgreen,137,PORYGON,1,2,no,FR_CERULEAN_CAVE_2F/land; FR_SEVEN_ISLAND_TANOBY_RUINS_SCUFIB_CHAMBER/land
leafgreen,138,OMANYTE,1,2,no,FR_CERULEAN_CAVE_B1F/land; FR_SAFARI_ZONE_WEST/land
leafgreen,139,OMASTAR,1,40,no,FR_CERULEAN_CAVE_B1F/land; FR_SAFARI_ZONE_CENTER/land
leafgreen,140,KABUTO,1,2,no,FR_SAFARI_ZONE_WEST/land; FR_SIX_ISLAND_RUIN_VALLEY/land
leafgreen,141,KABUTOPS,1,40,no,FR_CERULEAN_CAVE_1F/land; FR_CERULEAN_CAVE_2F/land
leafgreen,142,AERODACTYL,1,2,no,FR_CERULEAN_CAVE_2F/land; FR_SEVEN_ISLAND_TANOBY_RUINS_SCUFIB_CHAMBER/land
leafgreen,143,SNORLAX,1,25,no,FR_CERULEAN_CAVE_B1F/land; FR_SEVEN_ISLAND_TANOBY_RUINS_SCUFIB_CHAMBER/land
leafgreen,147,DRATINI,1,25,no,FR_ROUTE_12/land; FR_SAFARI_ZONE_CENTER/fishing; FR_SAFARI_ZONE_CENTER/water; FR_SAFARI_ZONE_EAST/fishing; FR_SAFARI_ZONE_NORTH/fishing; FR_SAFARI_ZONE_NORTH/land; FR_SAFARI_ZONE_NORTH/water; FR_SAFARI_ZONE_WEST/fishing
leafgreen,148,DRAGONAIR,1,30,no,FR_ROUTE_12/land; FR_ROUTE_6/water; FR_SAFARI_ZONE_CENTER/fishing; FR_SAFARI_ZONE_EAST/fishing; FR_SAFARI_ZONE_NORTH/fishing; FR_SAFARI_ZONE_NORTH/land; FR_SAFARI_ZONE_WEST/fishing; FR_TWO_ISLAND_CAPE_BRINK/water
leafgreen,149,DRAGONITE,1,55,no,FR_CERULEAN_CAVE_1F/water; FR_CERULEAN_CAVE_B1F/water
leafgreen,151,MEW,1,50,yes,FR_CERULEAN_CAVE_1F/land; FR_SEVEN_ISLAND_SEVAULT_CANYON/land
leafgreen,161,SENTRET,2,2,no,FR_FIVE_ISLAND_MEADOW/land; FR_SEVEN_ISLAND_SEVAULT_CANYON_ENTRANCE/land; FR_SIX_ISLAND_WATER_PATH/land
leafgreen,165,LEDYBA,2,2,no,FR_SIX_ISLAND_PATTERN_BUSH/land
leafgreen,167,SPINARAK,2,2,no,FR_SIX_ISLAND_PATTERN_BUSH/land
leafgreen,177,NATU,2,2,no,FR_SIX_ISLAND_RUIN_VALLEY/land
leafgreen,179,MAREEP,2,2,no,FR_SIX_ISLAND_ALTERING_CAVE/land
leafgreen,183,MARILL,2,25,no,FR_FOUR_ISLAND/water; FR_FOUR_ISLAND_ICEFALL_CAVE_ENTRANCE/water; FR_SIX_ISLAND_RUIN_VALLEY/land; FR_SIX_ISLAND_RUIN_VALLEY/water
leafgreen,187,HOPPIP,2,2,no,FR_FIVE_ISLAND/water; FR_FIVE_ISLAND_MEADOW/land; FR_FIVE_ISLAND_MEADOW/water; FR_FIVE_ISLAND_MEMORIAL_PILLAR/land; FR_FIVE_ISLAND_MEMORIAL_PILLAR/water; FR_FIVE_ISLAND_RESORT_GORGEOUS/water; FR_FIVE_ISLAND_WATER_LABYRINTH/water
leafgreen,190,AIPOM,2,8,no,FR_SIX_ISLAND_ALTERING_CAVE/land
leafgreen,193,YANMA,2,8,no,FR_SIX_ISLAND_RUIN_VALLEY/land
leafgreen,200,MISDREAVUS,2,15,no,FR_FIVE_ISLAND_LOST_CAVE_ROOM1/land; FR_FIVE_ISLAND_LOST_CAVE_ROOM10/land; FR_FIVE_ISLAND_LOST_CAVE_ROOM11/land; FR_FIVE_ISLAND_LOST_CAVE_ROOM12/land; FR_FIVE_ISLAND_LOST_CAVE_ROOM13/land; FR_FIVE_ISLAND_LOST_CAVE_ROOM14/land; FR_FIVE_ISLAND_LOST_CAVE_ROOM2/land; FR_FIVE_ISLAND_LOST_CAVE_ROOM3/land; FR_FIVE_ISLAND_LOST_CAVE_ROOM4/land; FR_FIVE_ISLAND_LOST_CAVE_ROOM5/land; FR_FIVE_ISLAND_LOST_CAVE_ROOM6/land; FR_FIVE_ISLAND_LOST_CAVE_ROOM7/land; FR_FIVE_ISLAND_LOST_CAVE_ROOM8/land; FR_FIVE_ISLAND_LOST_CAVE_ROOM9/land
leafgreen,201,UNOWN,2,2,no,FR_SEVEN_ISLAND_TANOBY_RUINS_DILFORD_CHAMBER/land; FR_SEVEN_ISLAND_TANOBY_RUINS_LIPTOO_CHAMBER/land; FR_SEVEN_ISLAND_TANOBY_RUINS_MONEAN_CHAMBER/land; FR_SEVEN_ISLAND_TANOBY_RUINS_RIXY_CHAMBER/land; FR_SEVEN_ISLAND_TANOBY_RUINS_SCUFIB_CHAMBER/land; FR_SEVEN_ISLAND_TANOBY_RUINS_VIAPOIS_CHAMBER/land; FR_SEVEN_ISLAND_TANOBY_RUINS_WEEPTH_CHAMBER/land
leafgreen,202,WOBBUFFET,2,15,no,FR_CERULEAN_CAVE_1F/land; FR_CERULEAN_CAVE_2F/land; FR_CERULEAN_CAVE_B1F/land; FR_SIX_ISLAND_RUIN_VALLEY/land
leafgreen,204,PINECO,2,2,no,FR_SIX_ISLAND_ALTERING_CAVE/land
leafgreen,206,DUNSPARCE,2,15,no,FR_THREE_ISLAND_PORT/land
leafgreen,213,SHUCKLE,2,30,no,FR_SIX_ISLAND_ALTERING_CAVE/land
leafgreen,214,HERACROSS,2,30,no,FR_SIX_ISLAND_PATTERN_BUSH/land
leafgreen,215,SNEASEL,2,15,no,FR_FOUR_ISLAND_ICEFALL_CAVE_1F/land; FR_FOUR_ISLAND_ICEFALL_CAVE_B1F/land
leafgreen,216,TEDDIURSA,2,2,no,FR_SIX_ISLAND_ALTERING_CAVE/land
leafgreen,218,SLUGMA,2,2,no,FR_MT_EMBER_RUBY_PATH_B1F/land; FR_MT_EMBER_RUBY_PATH_B1F_STAIRS/land; FR_MT_EMBER_RUBY_PATH_B2F/land; FR_MT_EMBER_RUBY_PATH_B2F_STAIRS/land; FR_MT_EMBER_RUBY_PATH_B3F/land; FR_MT_EMBER_RUBY_PATH_B3F/rocks
leafgreen,219,MAGCARGO,2,38,no,FR_MT_EMBER_RUBY_PATH_B3F/rocks
leafgreen,220,SWINUB,2,2,no,FR_FOUR_ISLAND_ICEFALL_CAVE_1F/land; FR_FOUR_ISLAND_ICEFALL_CAVE_B1F/land
leafgreen,223,REMORAID,2,2,no,FR_FIVE_ISLAND_MEADOW/fishing; FR_FIVE_ISLAND_MEMORIAL_PILLAR/fishing; FR_FIVE_ISLAND_RESORT_GORGEOUS/fishing; FR_FIVE_ISLAND_WATER_LABYRINTH/fishing; FR_SEVEN_ISLAND_TANOBY_RUINS/fishing; FR_SEVEN_ISLAND_TRAINER_TOWER/fishing; FR_SIX_ISLAND_GREEN_PATH/fishing; FR_SIX_ISLAND_OUTCAST_ISLAND/fishing; FR_SIX_ISLAND_WATER_PATH/fishing
leafgreen,226,MANTINE,2,25,no,FR_SEVEN_ISLAND_TANOBY_RUINS/water; FR_SEVEN_ISLAND_TRAINER_TOWER/water
leafgreen,228,HOUNDOUR,2,2,no,FR_SIX_ISLAND_ALTERING_CAVE/land
leafgreen,231,PHANPY,2,2,no,FR_SEVEN_ISLAND_SEVAULT_CANYON/land; FR_SEVEN_ISLAND_SEVAULT_CANYON_ENTRANCE/land
leafgreen,234,STANTLER,2,22,no,FR_SIX_ISLAND_ALTERING_CAVE/land
leafgreen,235,SMEARGLE,2,2,no,FR_SIX_ISLAND_ALTERING_CAVE/land
leafgreen,246,LARVITAR,2,25,no,FR_SEVEN_ISLAND_SEVAULT_CANYON/land
leafgreen,387,TURTWIG,4,2,no,FR_ROUTE_6/fishing; FR_ROUTE_6/land; FR_ROUTE_6/water; FR_SAFARI_ZONE_EAST/fishing; FR_SAFARI_ZONE_EAST/water; FR_SAFARI_ZONE_NORTH/land
leafgreen,388,GROTLE,4,18,no,FR_FIVE_ISLAND_RESORT_GORGEOUS/fishing; FR_FUCHSIA_CITY/water; FR_ROUTE_12/land; FR_ROUTE_6/land; FR_THREE_ISLAND_BERRY_FOREST/fishing; FR_THREE_ISLAND_BERRY_FOREST/water
leafgreen,389,TORTERRA,4,32,no,FR_ROUTE_12/land; FR_ROUTE_22/fishing; FR_ROUTE_22/water; FR_SAFARI_ZONE_NORTH/fishing; FR_SAFARI_ZONE_NORTH/land; FR_SAFARI_ZONE_NORTH/water
leafgreen,390,CHIMCHAR,4,2,no,FR_MT_EMBER_EXTERIOR/land; FR_POKEMON_MANSION_2F/land
leafgreen,391,MONFERNO,4,14,no,FR_POKEMON_MANSION_1F/land; FR_POKEMON_MANSION_3F/land
leafgreen,392,INFERNAPE,4,36,no,FR_MT_EMBER_RUBY_PATH_1F/land; FR_POKEMON_MANSION_B1F/land
leafgreen,393,PIPLUP,4,2,no,FR_FIVE_ISLAND/fishing; FR_FUCHSIA_CITY/water; FR_ROUTE_6/fishing; FR_ROUTE_6/land; FR_ROUTE_6/water; FR_SAFARI_ZONE_NORTH/land
leafgreen,394,PRINPLUP,4,16,no,FR_FIVE_ISLAND_MEADOW/water; FR_ROUTE_19/fishing; FR_ROUTE_19/water; FR_SEAFOAM_ISLANDS_B1F/land; FR_SEAFOAM_ISLANDS_B2F/land; FR_SEAFOAM_ISLANDS_B3F/fishing
leafgreen,395,EMPOLEON,4,36,no,FR_ROUTE_21_NORTH/land; FR_ROUTE_21_NORTH/water; FR_SEAFOAM_ISLANDS_B1F/land; SEVII_ONE_ISLAND/water
leafgreen,396,STARLY,4,2,no,FR_ROUTE_1/land; FR_SIX_ISLAND_WATER_PATH/land
leafgreen,397,STARAVIA,4,14,no,FR_FIVE_ISLAND_MEADOW/land; FR_ROUTE_5/land
leafgreen,398,STARAPTOR,4,34,no,FR_ROUTE_13/land; FR_THREE_ISLAND_PORT/land
leafgreen,399,BIDOOF,4,2,no,FR_ROUTE_2/land; FR_THREE_ISLAND_PORT/land
leafgreen,400,BIBAREL,4,15,no,FR_ROUTE_7/land; FR_THREE_ISLAND_PORT/land
leafgreen,401,KRICKETOT,4,2,no,FR_ROUTE_10/land; FR_ROUTE_3/land
leafgreen,402,KRICKETUNE,4,10,no,FR_ROUTE_8/land; FR_THREE_ISLAND_PORT/land
leafgreen,403,SHINX,4,2,no,FR_POWER_PLANT/land
leafgreen,404,LUXIO,4,15,no,FR_POWER_PLANT/land
leafgreen,405,LUXRAY,4,30,no,FR_POWER_PLANT/land
leafgreen,406,BUDEW,4,2,no,FR_THREE_ISLAND_BOND_BRIDGE/land; FR_VIRIDIAN_FOREST/land
leafgreen,407,ROSERADE,4,40,no,FR_SAFARI_ZONE_EAST/land; FR_THREE_ISLAND_BERRY_FOREST/land
leafgreen,408,CRANIDOS,4,2,no,FR_MT_EMBER_EXTERIOR/rocks; FR_MT_EMBER_RUBY_PATH_B2F_STAIRS/rocks; FR_MT_MOON_1F/land; FR_MT_MOON_B1F/land
leafgreen,409,RAMPARDOS,4,30,no,FR_MT_EMBER_EXTERIOR/rocks; FR_ROCK_TUNNEL_B1F/land; FR_ROCK_TUNNEL_B1F/rocks; FR_SIX_ISLAND_ALTERING_CAVE/land
leafgreen,410,SHIELDON,4,2,no,FR_MT_EMBER_RUBY_PATH_B1F/rocks; FR_MT_MOON_B2F/land; FR_ROCK_TUNNEL_B1F/land; FR_ROCK_TUNNEL_B1F/rocks
leafgreen,411,BASTIODON,4,30,no,FR_MT_EMBER_RUBY_PATH_B1F/rocks; FR_ROCK_TUNNEL_B1F/land; FR_ROCK_TUNNEL_B1F/rocks; FR_SEVEN_ISLAND_SEVAULT_CANYON_ENTRANCE/land
leafgreen,412,BURMY,4,2,no,FR_ROUTE_24/land; FR_SAFARI_ZONE_EAST/land
leafgreen,413,WORMADAM,4,20,no,FR_ROUTE_25/land; FR_SIX_ISLAND_PATTERN_BUSH/land
leafgreen,414,MOTHIM,4,20,no,FR_ROUTE_25/land; FR_THREE_ISLAND_BOND_BRIDGE/land
leafgreen,415,COMBEE,4,2,no,FR_THREE_ISLAND_BERRY_FOREST/land; FR_VIRIDIAN_FOREST/land
leafgreen,416,VESPIQUEN,4,21,no,FR_SAFARI_ZONE_EAST/land; FR_SIX_ISLAND_PATTERN_BUSH/land
leafgreen,417,PACHIRISU,4,15,no,FR_POWER_PLANT/land
leafgreen,418,BUIZEL,4,2,no,FR_FOUR_ISLAND_ICEFALL_CAVE_BACK/fishing; FR_ROUTE_12/land; FR_SAFARI_ZONE_NORTH/land; FR_SEVEN_ISLAND_TANOBY_RUINS/fishing; FR_SIX_ISLAND_RUIN_VALLEY/water; FR_TWO_ISLAND_CAPE_BRINK/water
leafgreen,419,FLOATZEL,4,26,no,FR_FOUR_ISLAND_ICEFALL_CAVE_ENTRANCE/fishing; FR_FOUR_ISLAND_ICEFALL_CAVE_ENTRANCE/water; FR_ROUTE_12/land; FR_SAFARI_ZONE_NORTH/fishing; FR_SAFARI_ZONE_NORTH/land; FR_SAFARI_ZONE_NORTH/water
leafgreen,420,CHERUBI,4,2,no,FR_ROUTE_24/land; FR_ROUTE_25/land
leafgreen,421,CHERRIM,4,25,no,FR_SAFARI_ZONE_EAST/land; FR_THREE_ISLAND_BOND_BRIDGE/land
leafgreen,422,SHELLOS,4,2,no,FR_FIVE_ISLAND/fishing; FR_ROUTE_12/land; FR_ROUTE_6/fishing; FR_ROUTE_6/land; FR_ROUTE_6/water; FR_SIX_ISLAND_RUIN_VALLEY/water
leafgreen,423,GASTRODON,4,30,no,FR_CERULEAN_CAVE_1F/water; FR_FIVE_ISLAND_MEADOW/fishing; FR_FOUR_ISLAND_ICEFALL_CAVE_BACK/fishing; FR_ROUTE_12/land; FR_SAFARI_ZONE_NORTH/land; FR_SEAFOAM_ISLANDS_B3F/water
leafgreen,424,AMBIPOM,4,25,no,FR_SAFARI_ZONE_CENTER/land; FR_SEVEN_ISLAND_TANOBY_RUINS_MONEAN_CHAMBER/land
leafgreen,425,DRIFLOON,4,2,no,FR_POKEMON_TOWER_3F/land; FR_POKEMON_TOWER_4F/land
leafgreen,426,DRIFBLIM,4,28,no,FR_FIVE_ISLAND_LOST_CAVE_ROOM10/land; FR_POKEMON_TOWER_5F/land
leafgreen,427,BUNEARY,4,8,no,FR_CERULEAN_CAVE_1F/land; FR_SEVEN_ISLAND_TANOBY_RUINS_WEEPTH_CHAMBER/land
leafgreen,428,LOPUNNY,4,25,no,FR_CERULEAN_CAVE_2F/land; FR_SEVEN_ISLAND_TANOBY_RUINS_MONEAN_CHAMBER/land
leafgreen,429,MISMAGIUS,4,25,no,FR_FIVE_ISLAND_LOST_CAVE_ROOM1/land; FR_POKEMON_TOWER_7F/land
leafgreen,430,HONCHKROW,4,25,no,FR_FIVE_ISLAND_LOST_CAVE_ROOM1/land; FR_POKEMON_TOWER_3F/land
leafgreen,431,GLAMEOW,4,2,no,FR_CERULEAN_CAVE_B1F/land; FR_SAFARI_ZONE_WEST/land
leafgreen,432,PURUGLY,4,38,no,FR_SAFARI_ZONE_CENTER/land; FR_SAFARI_ZONE_WEST/land
leafgreen,433,CHINGLING,4,2,no,FR_SAFARI_ZONE_CENTER/land; FR_SEVEN_ISLAND_TANOBY_RUINS_MONEAN_CHAMBER/land
leafgreen,434,STUNKY,4,2,no,FR_FIVE_ISLAND_LOST_CAVE_ROOM1/land; FR_POKEMON_TOWER_6F/land
leafgreen,435,SKUNTANK,4,34,no,FR_FIVE_ISLAND_LOST_CAVE_ROOM10/land; FR_POKEMON_TOWER_5F/land
leafgreen,436,BRONZOR,4,2,no,FR_MT_EMBER_RUBY_PATH_1F/rocks; FR_ROCK_TUNNEL_1F/land; FR_SEVEN_ISLAND_SEVAULT_CANYON/rocks; FR_VICTORY_ROAD_1F/land
leafgreen,437,BRONZONG,4,33,no,FR_MT_EMBER_RUBY_PATH_B1F/rocks; FR_MT_EMBER_RUBY_PATH_B2F_STAIRS/rocks; FR_VICTORY_ROAD_1F/land; FR_VICTORY_ROAD_2F/land
leafgreen,438,BONSLY,4,2,no,FR_CERULEAN_CAVE_1F/land; FR_SEVEN_ISLAND_TANOBY_RUINS_MONEAN_CHAMBER/land
leafgreen,439,MIME_JR,4,2,no,FR_CERULEAN_CAVE_2F/land; FR_SEVEN_ISLAND_TANOBY_RUINS_MONEAN_CHAMBER/land
leafgreen,440,HAPPINY,4,2,no,FR_CERULEAN_CAVE_B1F/land; FR_SEVEN_ISLAND_TANOBY_RUINS_VIAPOIS_CHAMBER/land
leafgreen,441,CHATOT,4,2,no,FR_ROUTE_16/land; FR_TWO_ISLAND_CAPE_BRINK/land
leafgreen,442,SPIRITOMB,4,22,no,FR_FIVE_ISLAND_LOST_CAVE_ROOM10/land; FR_POKEMON_TOWER_4F/land
leafgreen,443,GIBLE,4,25,no,FR_CERULEAN_CAVE_B1F/rocks; FR_MT_EMBER_RUBY_PATH_1F/rocks; FR_VICTORY_ROAD_1F/land; FR_VICTORY_ROAD_2F/land
leafgreen,444,GABITE,4,24,no,FR_MT_EMBER_RUBY_PATH_B1F_STAIRS/rocks; FR_MT_EMBER_SUMMIT_PATH_2F/rocks; FR_SEVEN_ISLAND_SEVAULT_CANYON_ENTRANCE/land; FR_VICTORY_ROAD_3F/land
leafgreen,445,GARCHOMP,4,48,no,FR_CERULEAN_CAVE_1F/rocks; FR_CERULEAN_CAVE_2F/rocks; FR_SIX_ISLAND_ALTERING_CAVE/land; FR_VICTORY_ROAD_1F/land
leafgreen,446,MUNCHLAX,4,2,no,FR_ROUTE_14/land; FR_SIX_ISLAND_WATER_PATH/land
leafgreen,447,RIOLU,4,2,no,FR_SAFARI_ZONE_WEST/land; FR_SEVEN_ISLAND_TANOBY_RUINS_WEEPTH_CHAMBER/land
leafgreen,448,LUCARIO,4,25,no,FR_SAFARI_ZONE_CENTER/land; FR_SEVEN_ISLAND_TANOBY_RUINS_RIXY_CHAMBER/land
leafgreen,449,HIPPOPOTAS,4,2,no,FR_MT_EMBER_RUBY_PATH_B1F_STAIRS/rocks; FR_MT_MOON_1F/land; FR_MT_MOON_B1F/land; FR_SEVEN_ISLAND_SEVAULT_CANYON/rocks
leafgreen,450,HIPPOWDON,4,34,no,FR_CERULEAN_CAVE_B1F/rocks; FR_ROCK_TUNNEL_B1F/land; FR_ROCK_TUNNEL_B1F/rocks; FR_SEVEN_ISLAND_SEVAULT_CANYON_ENTRANCE/land
leafgreen,451,SKORUPI,4,2,no,FR_CERULEAN_CAVE_1F/land; FR_SEVEN_ISLAND_TANOBY_RUINS_LIPTOO_CHAMBER/land
leafgreen,452,DRAPION,4,40,no,FR_CERULEAN_CAVE_2F/land; FR_SIX_ISLAND_RUIN_VALLEY/land
leafgreen,453,CROAGUNK,4,2,no,FR_CERULEAN_CAVE_B1F/land; FR_SAFARI_ZONE_WEST/land
leafgreen,454,TOXICROAK,4,37,no,FR_CERULEAN_CAVE_B1F/land; FR_SAFARI_ZONE_WEST/land
leafgreen,455,CARNIVINE,4,22,no,FR_SAFARI_ZONE_CENTER/land; FR_SEVEN_ISLAND_TANOBY_RUINS_VIAPOIS_CHAMBER/land
leafgreen,456,FINNEON,4,2,no,FR_FIVE_ISLAND/water; FR_ROUTE_20/fishing; FR_ROUTE_20/water; FR_ROUTE_21_NORTH/fishing
leafgreen,457,LUMINEON,4,31,no,FR_FOUR_ISLAND_ICEFALL_CAVE_BACK/water; FR_PALLET_TOWN/fishing; FR_SIX_ISLAND_GREEN_PATH/water; FR_VERMILION_CITY/fishing
leafgreen,458,MANTYKE,4,2,no,FR_FIVE_ISLAND_MEADOW/water; FR_ROUTE_10/fishing; FR_ROUTE_11/fishing; FR_SEVEN_ISLAND_TANOBY_RUINS/water
leafgreen,459,SNOVER,4,2,no,FR_FOUR_ISLAND_ICEFALL_CAVE_B1F/land; FR_SEAFOAM_ISLANDS_B3F/land
leafgreen,460,ABOMASNOW,4,40,no,FR_FOUR_ISLAND_ICEFALL_CAVE_BACK/land; FR_SEAFOAM_ISLANDS_B4F/land
leafgreen,461,WEAVILE,4,25,no,FR_SEAFOAM_ISLANDS_B3F/land; FR_SEAFOAM_ISLANDS_B4F/land
leafgreen,462,MAGNEZONE,4,40,no,FR_POWER_PLANT/land
leafgreen,463,LICKILICKY,4,25,no,FR_ROUTE_15/land; FR_ROUTE_21_SOUTH/land
leafgreen,464,RHYPERIOR,4,42,no,FR_CERULEAN_CAVE_1F/land; FR_SAFARI_ZONE_WEST/land
leafgreen,465,TANGROWTH,4,25,no,FR_SAFARI_ZONE_EAST/land; FR_THREE_ISLAND_BOND_BRIDGE/land
leafgreen,466,ELECTIVIRE,4,40,no,FR_POWER_PLANT/land
leafgreen,467,MAGMORTAR,4,40,no,FR_POKEMON_MANSION_1F/land; FR_POKEMON_MANSION_B1F/land
leafgreen,468,TOGEKISS,4,40,no,FR_ROUTE_17/land; FR_TWO_ISLAND_CAPE_BRINK/land
leafgreen,469,YANMEGA,4,25,no,FR_CERULEAN_CAVE_2F/land; FR_SEVEN_ISLAND_TANOBY_RUINS_SCUFIB_CHAMBER/land
leafgreen,470,LEAFEON,4,25,no,FR_CERULEAN_CAVE_B1F/land; FR_SEVEN_ISLAND_TANOBY_RUINS_DILFORD_CHAMBER/land
leafgreen,471,GLACEON,4,25,no,FR_SAFARI_ZONE_WEST/land; FR_SIX_ISLAND_RUIN_VALLEY/land
leafgreen,472,GLISCOR,4,25,no,FR_CERULEAN_CAVE_B1F/land; FR_SAFARI_ZONE_CENTER/land
leafgreen,473,MAMOSWINE,4,40,no,FR_FOUR_ISLAND_ICEFALL_CAVE_B1F/land; FR_SEAFOAM_ISLANDS_B4F/land
leafgreen,474,PORYGON_Z,4,40,no,FR_FIVE_ISLAND_MEMORIAL_PILLAR/land; FR_ROUTE_18/land
leafgreen,475,GALLADE,4,40,no,FR_CERULEAN_CAVE_1F/land; FR_SAFARI_ZONE_WEST/land
leafgreen,476,PROBOPASS,4,25,no,FR_MT_EMBER_RUBY_PATH_B1F_STAIRS/rocks; FR_MT_EMBER_RUBY_PATH_B2F_STAIRS/rocks; FR_VICTORY_ROAD_1F/land; FR_VICTORY_ROAD_2F/land
leafgreen,477,DUSKNOIR,4,40,no,FR_FIVE_ISLAND_LOST_CAVE_ROOM10/land; FR_POKEMON_TOWER_7F/land
leafgreen,478,FROSLASS,4,25,no,FR_FOUR_ISLAND_ICEFALL_CAVE_ENTRANCE/land; FR_SEAFOAM_ISLANDS_B3F/land
leafgreen,479,ROTOM,4,2,no,FR_POKEMON_TOWER_3F/land; FR_POKEMON_TOWER_4F/land
leafgreen,480,UXIE,4,50,yes,FR_CERULEAN_CAVE_2F/land; FR_SEVEN_ISLAND_SEVAULT_CANYON/land
leafgreen,481,MESPRIT,4,50,yes,FR_CERULEAN_CAVE_2F/land; FR_SEVEN_ISLAND_SEVAULT_CANYON/land
leafgreen,482,AZELF,4,50,yes,FR_CERULEAN_CAVE_2F/land; FR_SEVEN_ISLAND_SEVAULT_CANYON/land
leafgreen,483,DIALGA,4,50,yes,FR_CERULEAN_CAVE_B1F/land; FR_MT_EMBER_RUBY_PATH_B3F/land
leafgreen,485,HEATRAN,4,50,yes,FR_MT_EMBER_RUBY_PATH_B3F/land; FR_MT_EMBER_SUMMIT_PATH_3F/land
leafgreen,487,GIRATINA,4,50,yes,FR_FIVE_ISLAND_LOST_CAVE_ROOM1/land; FR_FIVE_ISLAND_LOST_CAVE_ROOM10/land
leafgreen,489,PHIONE,4,50,yes,FR_FIVE_ISLAND_WATER_LABYRINTH/water; FR_SIX_ISLAND_WATER_PATH/water
leafgreen,491,DARKRAI,4,50,yes,FR_FIVE_ISLAND_LOST_CAVE_ROOM1/land; FR_FIVE_ISLAND_LOST_CAVE_ROOM10/land
leafgreen,493,ARCEUS,4,50,yes,FR_CERULEAN_CAVE_2F/land; FR_SEVEN_ISLAND_SEVAULT_CANYON/land
leafgreen,495,SNIVY,5,2,no,FR_SIX_ISLAND_PATTERN_BUSH/land; FR_VIRIDIAN_FOREST/land
leafgreen,497,SERPERIOR,5,36,no,FR_SAFARI_ZONE_EAST/land; FR_THREE_ISLAND_BERRY_FOREST/land
leafgreen,499,PIGNITE,5,17,no,FR_MT_EMBER_EXTERIOR/land; FR_POKEMON_MANSION_3F/land
leafgreen,501,OSHAWOTT,5,2,no,FR_FOUR_ISLAND_ICEFALL_CAVE_BACK/fishing; FR_FUCHSIA_CITY/water; FR_ROUTE_12/land; FR_SAFARI_ZONE_NORTH/fishing; FR_SAFARI_ZONE_NORTH/land; FR_SAFARI_ZONE_NORTH/water
leafgreen,503,SAMUROTT,5,36,no,FR_ROUTE_21_NORTH/land; FR_ROUTE_21_NORTH/water; FR_SEAFOAM_ISLANDS_B1F/land; SEVII_ONE_ISLAND_TREASURE_BEACH/water
leafgreen,505,WATCHOG,5,20,no,FR_FIVE_ISLAND_MEMORIAL_PILLAR/land; FR_ROUTE_7/land
leafgreen,507,HERDIER,5,16,no,FR_ROUTE_5/land; SEVII_ONE_ISLAND_KINDLE_ROAD/land
leafgreen,509,PURRLOIN,5,2,no,FR_POKEMON_TOWER_3F/land; FR_POKEMON_TOWER_4F/land
leafgreen,511,PANSAGE,5,2,no,FR_CERULEAN_CAVE_1F/land; FR_CERULEAN_CAVE_2F/land
leafgreen,513,PANSEAR,5,2,no,FR_SAFARI_ZONE_CENTER/land; FR_SEVEN_ISLAND_TANOBY_RUINS_MONEAN_CHAMBER/land
leafgreen,515,PANPOUR,5,2,no,FR_CERULEAN_CAVE_1F/land; FR_SEVEN_ISLAND_TANOBY_RUINS_LIPTOO_CHAMBER/land
leafgreen,517,MUNNA,5,2,no,FR_CERULEAN_CAVE_B1F/land; FR_SEVEN_ISLAND_TANOBY_RUINS_VIAPOIS_CHAMBER/land
leafgreen,519,PIDOVE,5,2,no,FR_ROUTE_2/land; SEVII_ONE_ISLAND_TREASURE_BEACH/land
leafgreen,521,UNFEZANT,5,32,no,FR_ROUTE_13/land; FR_ROUTE_14/land
leafgreen,523,ZEBSTRIKA,5,27,no,FR_POWER_PLANT/land
leafgreen,525,BOLDORE,5,25,no,FR_CERULEAN_CAVE_1F/rocks; FR_MT_EMBER_RUBY_PATH_B2F_STAIRS/rocks; FR_ROCK_TUNNEL_1F/land; FR_VICTORY_ROAD_1F/land
leafgreen,527,WOOBAT,5,2,no,FR_MT_EMBER_RUBY_PATH_1F/rocks; FR_MT_EMBER_RUBY_PATH_B1F_STAIRS/rocks; FR_MT_MOON_B2F/land; FR_VICTORY_ROAD_1F/land
leafgreen,529,DRILBUR,5,2,no,FR_CERULEAN_CAVE_1F/rocks; FR_CERULEAN_CAVE_2F/rocks; FR_MT_MOON_1F/land; FR_MT_MOON_B1F/land
leafgreen,531,AUDINO,5,15,no,FR_SAFARI_ZONE_CENTER/land; FR_SAFARI_ZONE_WEST/land
leafgreen,533,GURDURR,5,25,no,FR_MT_EMBER_RUBY_PATH_B1F/rocks; FR_MT_EMBER_RUBY_PATH_B2F/rocks; FR_ROCK_TUNNEL_1F/land; FR_SIX_ISLAND_ALTERING_CAVE/land
leafgreen,535,TYMPOLE,5,2,no,FR_FOUR_ISLAND_ICEFALL_CAVE_BACK/fishing; FR_ROUTE_6/fishing; FR_ROUTE_6/water; FR_TWO_ISLAND_CAPE_BRINK/water
leafgreen,537,SEISMITOAD,5,36,no,FR_CELADON_CITY/fishing; FR_ROUTE_12/land; FR_SAFARI_ZONE_NORTH/land; FR_SAFARI_ZONE_NORTH/water; FR_SEAFOAM_ISLANDS_B3F/water
leafgreen,539,SAWK,5,22,no,FR_CERULEAN_CAVE_2F/land; FR_SEVEN_ISLAND_TANOBY_RUINS_SCUFIB_CHAMBER/land
leafgreen,541,SWADLOON,5,20,no,FR_ROUTE_25/land; FR_SAFARI_ZONE_EAST/land
leafgreen,543,VENIPEDE,5,2,no,FR_SIX_ISLAND_PATTERN_BUSH/land; FR_VIRIDIAN_FOREST/land
leafgreen,545,SCOLIPEDE,5,30,no,FR_SAFARI_ZONE_EAST/land; FR_THREE_ISLAND_BOND_BRIDGE/land
leafgreen,547,WHIMSICOTT,5,25,no,FR_SAFARI_ZONE_EAST/land; FR_SIX_ISLAND_PATTERN_BUSH/land
leafgreen,549,LILLIGANT,5,25,no,FR_SAFARI_ZONE_EAST/land; FR_THREE_ISLAND_BERRY_FOREST/land
leafgreen,551,SANDILE,5,2,no,FR_CERULEAN_CAVE_1F/rocks; FR_MT_MOON_1F/land; FR_MT_MOON_B1F/land; FR_SEVEN_ISLAND_SEVAULT_CANYON/rocks
leafgreen,553,KROOKODILE,5,40,no,FR_CERULEAN_CAVE_B1F/rocks; FR_ROCK_TUNNEL_B1F/rocks; FR_SIX_ISLAND_ALTERING_CAVE/land; FR_VICTORY_ROAD_2F/land
leafgreen,555,DARMANITAN,5,35,no,FR_MT_EMBER_EXTERIOR/land; FR_POKEMON_MANSION_2F/land
leafgreen,557,DWEBBLE,5,2,no,FR_CERULEAN_CAVE_B1F/rocks; FR_MT_EMBER_RUBY_PATH_B1F/rocks; FR_MT_MOON_B2F/land; FR_ROCK_TUNNEL_1F/land
leafgreen,559,SCRAGGY,5,2,no,FR_SAFARI_ZONE_CENTER/land; FR_SAFARI_ZONE_WEST/land
leafgreen,561,SIGILYPH,5,22,no,FR_CERULEAN_CAVE_1F/land; FR_SEVEN_ISLAND_TANOBY_RUINS_WEEPTH_CHAMBER/land
leafgreen,563,COFAGRIGUS,5,34,no,FR_FIVE_ISLAND_LOST_CAVE_ROOM10/land; FR_POKEMON_TOWER_7F/land
leafgreen,565,CARRACOSTA,5,37,no,FR_ROUTE_10/water; FR_ROUTE_20/water; FR_SEAFOAM_ISLANDS_1F/land; FR_SEAFOAM_ISLANDS_B1F/land
leafgreen,567,ARCHEOPS,5,37,no,FR_CERULEAN_CAVE_B1F/rocks; FR_MT_EMBER_EXTERIOR/rocks; FR_VICTORY_ROAD_1F/land; FR_VICTORY_ROAD_3F/land
leafgreen,569,GARBODOR,5,36,no,FR_SAFARI_ZONE_EAST/land; FR_THREE_ISLAND_BERRY_FOREST/land
leafgreen,571,ZOROARK,5,30,no,FR_FIVE_ISLAND_LOST_CAVE_ROOM1/land; FR_POKEMON_TOWER_4F/land
leafgreen,573,CINCCINO,5,25,no,FR_CERULEAN_CAVE_B1F/land; FR_SEVEN_ISLAND_TANOBY_RUINS_SCUFIB_CHAMBER/land
leafgreen,575,GOTHORITA,5,32,no,FR_SAFARI_ZONE_WEST/land; FR_SIX_ISLAND_RUIN_VALLEY/land
leafgreen,577,SOLOSIS,5,2,no,FR_CERULEAN_CAVE_2F/land; FR_SEVEN_ISLAND_TANOBY_RUINS_RIXY_CHAMBER/land
leafgreen,579,REUNICLUS,5,41,no,FR_SAFARI_ZONE_CENTER/land; FR_SIX_ISLAND_RUIN_VALLEY/land
leafgreen,581,SWANNA,5,35,no,FR_ROUTE_12/land; FR_SAFARI_ZONE_EAST/water; FR_SAFARI_ZONE_NORTH/land; FR_SAFARI_ZONE_WEST/water; FR_SIX_ISLAND_OUTCAST_ISLAND/fishing; SEVII_ONE_ISLAND_TREASURE_BEACH/fishing
leafgreen,583,VANILLISH,5,35,no,FR_FOUR_ISLAND_ICEFALL_CAVE_ENTRANCE/land; FR_SEAFOAM_ISLANDS_B4F/land
leafgreen,585,DEERLING,5,2,no,FR_SAFARI_ZONE_WEST/land; FR_SEVEN_ISLAND_TANOBY_RUINS_VIAPOIS_CHAMBER/land
leafgreen,587,EMOLGA,5,15,no,FR_CERULEAN_CAVE_2F/land; FR_SEVEN_ISLAND_TANOBY_RUINS_MONEAN_CHAMBER/land
leafgreen,589,ESCAVALIER,5,25,no,FR_SAFARI_ZONE_CENTER/land; FR_SEVEN_ISLAND_TANOBY_RUINS_RIXY_CHAMBER/land
leafgreen,591,AMOONGUSS,5,39,no,FR_SAFARI_ZONE_EAST/land; FR_THREE_ISLAND_BOND_BRIDGE/land
leafgreen,593,JELLICENT,5,40,no,FR_PALLET_TOWN/water; FR_ROUTE_21_NORTH/land; FR_SEAFOAM_ISLANDS_B1F/land; FR_SIX_ISLAND_OUTCAST_ISLAND/water
leafgreen,595,JOLTIK,5,2,no,FR_POWER_PLANT/land
leafgreen,597,FERROSEED,5,2,no,FR_MT_EMBER_EXTERIOR/rocks; FR_MT_MOON_B1F/land; FR_ROCK_TUNNEL_B1F/land; FR_ROCK_TUNNEL_B1F/rocks
leafgreen,599,KLINK,5,2,no,FR_CERULEAN_CAVE_1F/rocks; FR_MT_EMBER_EXTERIOR/rocks; FR_MT_MOON_B2F/land; FR_SEVEN_ISLAND_SEVAULT_CANYON_ENTRANCE/land
leafgreen,601,KLINKLANG,5,49,no,FR_MT_EMBER_RUBY_PATH_1F/rocks; FR_MT_EMBER_RUBY_PATH_B2F_STAIRS/rocks; FR_SEVEN_ISLAND_SEVAULT_CANYON_ENTRANCE/land; FR_VICTORY_ROAD_3F/land
leafgreen,605,ELGYEM,5,2,no,FR_SAFARI_ZONE_WEST/land; FR_SEVEN_ISLAND_TANOBY_RUINS_LIPTOO_CHAMBER/land
leafgreen,606,BEHEEYEM,5,42,no,FR_CERULEAN_CAVE_1F/land; FR_SIX_ISLAND_RUIN_VALLEY/land
leafgreen,607,LITWICK,5,2,no,FR_FIVE_ISLAND_LOST_CAVE_ROOM1/land; FR_POKEMON_TOWER_5F/land
leafgreen,609,CHANDELURE,5,41,no,FR_FIVE_ISLAND_LOST_CAVE_ROOM10/land; FR_POKEMON_TOWER_7F/land
leafgreen,611,FRAXURE,5,38,no,FR_CERULEAN_CAVE_B1F/land; FR_SIX_ISLAND_RUIN_VALLEY/land
leafgreen,613,CUBCHOO,5,2,no,FR_FOUR_ISLAND_ICEFALL_CAVE_1F/land; FR_SEAFOAM_ISLANDS_B4F/land
leafgreen,615,CRYOGONAL,5,30,no,FR_FOUR_ISLAND_ICEFALL_CAVE_ENTRANCE/land; FR_SEAFOAM_ISLANDS_B4F/land
leafgreen,617,ACCELGOR,5,25,no,FR_CERULEAN_CAVE_1F/land; FR_CERULEAN_CAVE_2F/land
leafgreen,619,MIENFOO,5,8,no,FR_CERULEAN_CAVE_2F/land; FR_SEVEN_ISLAND_TANOBY_RUINS_LIPTOO_CHAMBER/land
leafgreen,621,DRUDDIGON,5,2,no,FR_CERULEAN_CAVE_1F/rocks; FR_CERULEAN_CAVE_2F/rocks; FR_MT_MOON_B1F/land; FR_ROCK_TUNNEL_1F/land
leafgreen,623,GOLURK,5,43,no,FR_FIVE_ISLAND_LOST_CAVE_ROOM10/land; FR_POKEMON_TOWER_7F/land
leafgreen,625,BISHARP,5,52,no,FR_FIVE_ISLAND_LOST_CAVE_ROOM10/land; FR_FIVE_ISLAND_LOST_CAVE_ROOM11/land
leafgreen,627,RUFFLET,5,8,no,FR_SAFARI_ZONE_CENTER/land; FR_SAFARI_ZONE_WEST/land
leafgreen,629,VULLABY,5,8,no,FR_CERULEAN_CAVE_2F/land; FR_SIX_ISLAND_RUIN_VALLEY/land
leafgreen,631,HEATMOR,5,22,no,FR_MT_EMBER_RUBY_PATH_B1F/land; FR_POKEMON_MANSION_3F/land
leafgreen,633,DEINO,5,25,no,FR_MT_EMBER_SUMMIT_PATH_2F/rocks; FR_VICTORY_ROAD_1F/land; FR_VICTORY_ROAD_2F/land; SEVII_ONE_ISLAND_KINDLE_ROAD/rocks
leafgreen,635,HYDREIGON,5,64,no,FR_CERULEAN_CAVE_B1F/rocks; FR_VICTORY_ROAD_1F/land; FR_VICTORY_ROAD_2F/land
leafgreen,638,COBALION,5,50,yes,FR_CERULEAN_CAVE_B1F/land; FR_MT_EMBER_RUBY_PATH_B3F/land
leafgreen,639,TERRAKION,5,50,yes,FR_CERULEAN_CAVE_B1F/land; FR_MT_EMBER_RUBY_PATH_B3F/land
leafgreen,641,TORNADUS,5,50,yes,FR_CERULEAN_CAVE_2F/land; FR_SEVEN_ISLAND_SEVAULT_CANYON/land
leafgreen,643,RESHIRAM,5,50,yes,FR_MT_EMBER_RUBY_PATH_B3F/land; FR_MT_EMBER_SUMMIT_PATH_3F/land
leafgreen,645,LANDORUS,5,50,yes,FR_CERULEAN_CAVE_B1F/land; FR_MT_EMBER_RUBY_PATH_B3F/land
leafgreen,647,KELDEO,5,50,yes,FR_FIVE_ISLAND_WATER_LABYRINTH/water; FR_FOUR_ISLAND_ICEFALL_CAVE_B1F/land; FR_SEAFOAM_ISLANDS_B4F/land; FR_SIX_ISLAND_WATER_PATH/water
leafgreen,649,GENESECT,5,50,yes,FR_CERULEAN_CAVE_B1F/land; FR_MT_EMBER_RUBY_PATH_B3F/land
leafgreen,651,QUILLADIN,6,16,no,FR_ROUTE_25/land; FR_THREE_ISLAND_BERRY_FOREST/land
leafgreen,653,FENNEKIN,6,2,no,FR_POKEMON_MANSION_1F/land; FR_POKEMON_MANSION_2F/land
leafgreen,655,DELPHOX,6,36,no,FR_POKEMON_MANSION_1F/land; FR_POKEMON_MANSION_3F/land
leafgreen,657,FROGADIER,6,16,no,FR_CELADON_CITY/fishing; FR_CELADON_CITY/water; FR_ROUTE_12/land; FR_ROUTE_6/fishing; FR_ROUTE_6/land; FR_ROUTE_6/water
leafgreen,659,BUNNELBY,6,2,no,FR_CERULEAN_CAVE_B1F/rocks; FR_MT_EMBER_RUBY_PATH_1F/rocks; FR_MT_MOON_1F/land; FR_VICTORY_ROAD_1F/land
leafgreen,661,FLETCHLING,6,2,no,FR_ROUTE_3/land; SEVII_ONE_ISLAND_TREASURE_BEACH/land
leafgreen,663,TALONFLAME,6,35,no,FR_ROUTE_15/land; SEVII_ONE_ISLAND_KINDLE_ROAD/land
leafgreen,665,SPEWPA,6,9,no,FR_ROUTE_24/land; FR_SAFARI_ZONE_EAST/land
leafgreen,667,LITLEO,6,8,no,FR_POKEMON_MANSION_1F/land; FR_POKEMON_MANSION_B1F/land
leafgreen,669,FLABEBE,6,2,no,FR_THREE_ISLAND_BOND_BRIDGE/land; FR_VIRIDIAN_FOREST/land
leafgreen,671,FLORGES,6,40,no,FR_SAFARI_ZONE_EAST/land; FR_SIX_ISLAND_PATTERN_BUSH/land
leafgreen,673,GOGOAT,6,32,no,FR_CERULEAN_CAVE_1F/land; FR_SAFARI_ZONE_CENTER/land
leafgreen,675,PANGORO,6,32,no,FR_ROCK_TUNNEL_B1F/land; FR_ROCK_TUNNEL_B1F/rocks; FR_SEVEN_ISLAND_SEVAULT_CANYON/land; FR_SEVEN_ISLAND_SEVAULT_CANYON/rocks
leafgreen,677,ESPURR,6,8,no,FR_CERULEAN_CAVE_B1F/land; FR_SEVEN_ISLAND_TANOBY_RUINS_SCUFIB_CHAMBER/land
leafgreen,679,HONEDGE,6,2,no,FR_FIVE_ISLAND_LOST_CAVE_ROOM1/land; FR_POKEMON_TOWER_5F/land
leafgreen,681,AEGISLASH,6,40,no,FR_POKEMON_TOWER_6F/land; FR_POKEMON_TOWER_7F/land
leafgreen,683,AROMATISSE,6,25,no,FR_CERULEAN_CAVE_1F/land; FR_SEVEN_ISLAND_TANOBY_RUINS_DILFORD_CHAMBER/land
leafgreen,685,SLURPUFF,6,25,no,FR_CERULEAN_CAVE_B1F/land; FR_SAFARI_ZONE_CENTER/land
leafgreen,687,MALAMAR,6,30,no,FR_FIVE_ISLAND_LOST_CAVE_ROOM1/land; FR_POKEMON_TOWER_4F/land
leafgreen,689,BARBARACLE,6,39,no,FR_ROUTE_21_NORTH/land; FR_ROUTE_21_NORTH/water; FR_ROUTE_21_SOUTH/water; FR_SEAFOAM_ISLANDS_1F/land
leafgreen,692,CLAUNCHER,6,2,no,FR_ROUTE_10/fishing; FR_ROUTE_11/fishing; FR_SEVEN_ISLAND_TRAINER_TOWER/water; FR_SIX_ISLAND_WATER_PATH/water
leafgreen,693,CLAWITZER,6,37,no,FR_FIVE_ISLAND_WATER_LABYRINTH/water; SEVII_ONE_ISLAND_KINDLE_ROAD/water
leafgreen,695,HELIOLISK,6,25,no,FR_POWER_PLANT/land
leafgreen,697,TYRANTRUM,6,39,no,FR_MT_EMBER_EXTERIOR/rocks; FR_SEVEN_ISLAND_SEVAULT_CANYON/land; FR_SEVEN_ISLAND_SEVAULT_CANYON/rocks; FR_VICTORY_ROAD_2F/land
leafgreen,699,AURORUS,6,39,no,FR_FOUR_ISLAND_ICEFALL_CAVE_BACK/land; FR_SEAFOAM_ISLANDS_B4F/land
leafgreen,701,HAWLUCHA,6,30,no,FR_CERULEAN_CAVE_1F/land; FR_SAFARI_ZONE_WEST/land
leafgreen,703,CARBINK,6,30,no,FR_MT_EMBER_RUBY_PATH_B1F/rocks; FR_VICTORY_ROAD_1F/land; FR_VICTORY_ROAD_2F/land; SEVII_ONE_ISLAND_KINDLE_ROAD/rocks
leafgreen,705,SLIGGOO,6,40,no,FR_CERULEAN_CAVE_1F/land; FR_CERULEAN_CAVE_2F/land
leafgreen,707,KLEFKI,6,22,no,FR_SAFARI_ZONE_CENTER/land; FR_SEVEN_ISLAND_TANOBY_RUINS_SCUFIB_CHAMBER/land
leafgreen,709,TREVENANT,6,25,no,FR_SAFARI_ZONE_EAST/land; FR_THREE_ISLAND_BOND_BRIDGE/land
leafgreen,711,GOURGEIST,6,25,no,FR_FIVE_ISLAND_LOST_CAVE_ROOM1/land; FR_POKEMON_TOWER_6F/land
leafgreen,713,AVALUGG,6,37,no,FR_FOUR_ISLAND_ICEFALL_CAVE_BACK/land; FR_SEAFOAM_ISLANDS_B4F/land
leafgreen,715,NOIVERN,6,48,no,FR_MT_EMBER_RUBY_PATH_B2F_STAIRS/rocks; FR_SEVEN_ISLAND_SEVAULT_CANYON/land; FR_SEVEN_ISLAND_SEVAULT_CANYON/rocks; FR_VICTORY_ROAD_1F/land
leafgreen,717,YVELTAL,6,50,yes,FR_FIVE_ISLAND_LOST_CAVE_ROOM1/land; FR_FIVE_ISLAND_LOST_CAVE_ROOM10/land
leafgreen,719,DIANCIE,6,50,yes,FR_CERULEAN_CAVE_B1F/land; FR_MT_EMBER_RUBY_PATH_B3F/land
leafgreen,721,VOLCANION,6,50,yes,FR_MT_EMBER_RUBY_PATH_B3F/land; FR_MT_EMBER_SUMMIT_PATH_3F/land
leafgreen,723,DARTRIX,7,17,no,FR_ROUTE_24/land; FR_THREE_ISLAND_BERRY_FOREST/land
leafgreen,725,LITTEN,7,2,no,FR_MT_EMBER_RUBY_PATH_B2F_STAIRS/land; FR_POKEMON_MANSION_2F/land
leafgreen,727,INCINEROAR,7,34,no,FR_FIVE_ISLAND_LOST_CAVE_ROOM1/land; FR_POKEMON_TOWER_6F/land
leafgreen,729,BRIONNE,7,17,no,FR_ROUTE_6/land; FR_SAFARI_ZONE_NORTH/fishing; FR_SAFARI_ZONE_NORTH/land; FR_SAFARI_ZONE_NORTH/water; FR_SIX_ISLAND_RUIN_VALLEY/fishing; FR_SIX_ISLAND_RUIN_VALLEY/water
leafgreen,731,PIKIPEK,7,2,no,FR_ROUTE_17/land; FR_TWO_ISLAND_CAPE_BRINK/land
leafgreen,733,TOUCANNON,7,28,no,FR_ROUTE_8/land; FR_SIX_ISLAND_WATER_PATH/land
leafgreen,735,GUMSHOOS,7,20,no,FR_MT_EMBER_RUBY_PATH_1F/rocks; FR_ROCK_TUNNEL_1F/land; FR_ROCK_TUNNEL_B1F/land; SEVII_ONE_ISLAND_KINDLE_ROAD/rocks
leafgreen,737,CHARJABUG,7,20,no,FR_POWER_PLANT/land
leafgreen,739,CRABRAWLER,7,2,no,FR_FOUR_ISLAND_ICEFALL_CAVE_B1F/land; FR_SEAFOAM_ISLANDS_B3F/land
leafgreen,741,ORICORIO,7,2,no,FR_MT_EMBER_RUBY_PATH_B1F/land; FR_POKEMON_MANSION_B1F/land
leafgreen,743,RIBOMBEE,7,25,no,FR_SAFARI_ZONE_EAST/land; FR_SIX_ISLAND_PATTERN_BUSH/land
leafgreen,745,LYCANROC,7,25,no,FR_MT_EMBER_RUBY_PATH_B1F/rocks; FR_MT_EMBER_RUBY_PATH_B2F/rocks; FR_ROCK_TUNNEL_1F/land; FR_SEVEN_ISLAND_SEVAULT_CANYON_ENTRANCE/land
leafgreen,747,MAREANIE,7,2,no,FR_FIVE_ISLAND/water; FR_FOUR_ISLAND_ICEFALL_CAVE_BACK/water; FR_ROUTE_21_NORTH/fishing; FR_ROUTE_21_NORTH/land; FR_ROUTE_21_SOUTH/fishing; FR_SEAFOAM_ISLANDS_1F/land
leafgreen,749,MUDBRAY,7,8,no,FR_SAFARI_ZONE_WEST/land; FR_SEVEN_ISLAND_TANOBY_RUINS_RIXY_CHAMBER/land
leafgreen,751,DEWPIDER,7,2,no,FR_CERULEAN_CAVE_B1F/fishing; FR_CERULEAN_CAVE_B1F/water; FR_ROUTE_12/land; FR_ROUTE_6/fishing; FR_ROUTE_6/land; FR_ROUTE_6/water
leafgreen,753,FOMANTIS,7,2,no,FR_SIX_ISLAND_PATTERN_BUSH/land; FR_VIRIDIAN_FOREST/land
leafgreen,755,MORELULL,7,2,no,FR_ROUTE_24/land; FR_ROUTE_25/land
leafgreen,757,SALANDIT,7,2,no,FR_MT_EMBER_RUBY_PATH_B1F/land; FR_POKEMON_MANSION_1F/land
leafgreen,759,STUFFUL,7,2,no,FR_CERULEAN_CAVE_2F/land; FR_CERULEAN_CAVE_B1F/land
leafgreen,761,BOUNSWEET,7,2,no,FR_ROUTE_24/land; FR_ROUTE_25/land
leafgreen,763,TSAREENA,7,40,no,FR_SAFARI_ZONE_EAST/land; FR_SIX_ISLAND_PATTERN_BUSH/land
leafgreen,765,ORANGURU,7,22,no,FR_SAFARI_ZONE_WEST/land; FR_SEVEN_ISLAND_TANOBY_RUINS_MONEAN_CHAMBER/land
leafgreen,767,WIMPOD,7,2,no,FR_ROUTE_10/fishing; FR_ROUTE_10/water; FR_ROUTE_11/fishing; FR_ROUTE_11/water; FR_SEAFOAM_ISLANDS_B1F/land; FR_SEAFOAM_ISLANDS_B2F/land
leafgreen,769,SANDYGAST,7,2,no,FR_FIVE_ISLAND_LOST_CAVE_ROOM10/land; FR_POKEMON_TOWER_3F/land
leafgreen,771,PYUKUMUKU,7,15,no,FR_ROUTE_21_NORTH/fishing; FR_ROUTE_21_NORTH/land; FR_ROUTE_21_NORTH/water; FR_ROUTE_21_SOUTH/fishing; FR_SEAFOAM_ISLANDS_1F/land; FR_SIX_ISLAND_WATER_PATH/water
leafgreen,773,SILVALLY,7,50,yes,FR_CERULEAN_CAVE_2F/land; FR_SEVEN_ISLAND_SEVAULT_CANYON/land
leafgreen,775,KOMALA,7,22,no,FR_CERULEAN_CAVE_2F/land; FR_SEVEN_ISLAND_TANOBY_RUINS_MONEAN_CHAMBER/land
leafgreen,777,TOGEDEMARU,7,15,no,FR_POWER_PLANT/land
leafgreen,779,BRUXISH,7,22,no,FR_FIVE_ISLAND_RESORT_GORGEOUS/water; FR_ROUTE_20/fishing; FR_ROUTE_20/water; FR_ROUTE_21_NORTH/fishing
leafgreen,781,DHELMISE,7,30,no,FR_CERULEAN_CAVE_1F/land; FR_SAFARI_ZONE_CENTER/land
leafgreen,783,HAKAMO_O,7,35,no,FR_MT_EMBER_EXTERIOR/rocks; FR_MT_EMBER_RUBY_PATH_B2F_STAIRS/rocks; FR_SEVEN_ISLAND_SEVAULT_CANYON_ENTRANCE/land; FR_VICTORY_ROAD_1F/land
leafgreen,785,TAPU_KOKO,7,50,yes,FR_CERULEAN_CAVE_1F/land; FR_CERULEAN_CAVE_2F/land
leafgreen,787,TAPU_BULU,7,50,yes,FR_SIX_ISLAND_PATTERN_BUSH/land; FR_THREE_ISLAND_BERRY_FOREST/land
leafgreen,789,COSMOG,7,50,yes,FR_CERULEAN_CAVE_2F/land; FR_SEVEN_ISLAND_SEVAULT_CANYON/land
leafgreen,791,SOLGALEO,7,53,yes,FR_CERULEAN_CAVE_B1F/land; FR_MT_EMBER_RUBY_PATH_B3F/land
leafgreen,793,NIHILEGO,7,2,yes,FR_VICTORY_ROAD_1F/land; FR_VICTORY_ROAD_2F/land
leafgreen,795,PHEROMOSA,7,2,yes,FR_SIX_ISLAND_PATTERN_BUSH/land; FR_THREE_ISLAND_BERRY_FOREST/land
leafgreen,797,CELESTEELA,7,2,yes,FR_VICTORY_ROAD_1F/land; FR_VICTORY_ROAD_2F/land
leafgreen,799,GUZZLORD,7,2,yes,FR_FIVE_ISLAND_LOST_CAVE_ROOM10/land; FR_FIVE_ISLAND_LOST_CAVE_ROOM11/land
leafgreen,801,MAGEARNA,7,50,yes,FR_CERULEAN_CAVE_B1F/land; FR_MT_EMBER_RUBY_PATH_B3F/land
leafgreen,803,POIPOLE,7,2,yes,FR_VICTORY_ROAD_1F/land; FR_VICTORY_ROAD_2F/land
leafgreen,805,STAKATAKA,7,2,yes,FR_SIX_ISLAND_ALTERING_CAVE/land; FR_VICTORY_ROAD_1F/land
leafgreen,807,ZERAORA,7,50,yes,FR_CERULEAN_CAVE_1F/land; FR_CERULEAN_CAVE_2F/land
leafgreen,809,MELMETAL,7,50,yes,FR_CERULEAN_CAVE_B1F/land; FR_MT_EMBER_RUBY_PATH_B3F/land
leafgreen,811,THWACKEY,8,16,no,FR_ROUTE_25/land; FR_SIX_ISLAND_PATTERN_BUSH/land
leafgreen,813,SCORBUNNY,8,2,no,FR_POKEMON_MANSION_1F/land; FR_POKEMON_MANSION_B1F/land
leafgreen,815,CINDERACE,8,35,no,FR_MT_EMBER_RUBY_PATH_B2F_STAIRS/land; FR_POKEMON_MANSION_2F/land
leafgreen,817,DRIZZILE,8,16,no,FR_ROUTE_19/fishing; FR_ROUTE_19/water; FR_ROUTE_21_NORTH/land; FR_ROUTE_4/fishing; FR_SEAFOAM_ISLANDS_1F/land; FR_SEVEN_ISLAND_TRAINER_TOWER/water
leafgreen,819,SKWOVET,8,2,no,FR_ROUTE_1/land; SEVII_ONE_ISLAND_TREASURE_BEACH/land
leafgreen,821,ROOKIDEE,8,2,no,FR_ROUTE_2/land; FR_SIX_ISLAND_WATER_PATH/land
leafgreen,823,CORVIKNIGHT,8,38,no,FR_ROUTE_14/land; FR_TWO_ISLAND_CAPE_BRINK/land
leafgreen,825,DOTTLER,8,10,no,FR_ROUTE_24/land; FR_SIX_ISLAND_PATTERN_BUSH/land
leafgreen,827,NICKIT,8,2,no,FR_POKEMON_TOWER_3F/land; FR_POKEMON_TOWER_5F/land
leafgreen,829,GOSSIFLEUR,8,2,no,FR_ROUTE_25/land; FR_THREE_ISLAND_BERRY_FOREST/land
leafgreen,831,WOOLOO,8,2,no,FR_SAFARI_ZONE_WEST/land; FR_SEVEN_ISLAND_TANOBY_RUINS_SCUFIB_CHAMBER/land
leafgreen,833,CHEWTLE,8,2,no,FR_ROUTE_6/fishing; FR_ROUTE_6/land; FR_ROUTE_6/water; FR_SAFARI_ZONE_NORTH/land; FR_SIX_ISLAND_RUIN_VALLEY/fishing; FR_SIX_ISLAND_RUIN_VALLEY/water
leafgreen,835,YAMPER,8,2,no,FR_POWER_PLANT/land
leafgreen,837,ROLYCOLY,8,2,no,FR_CERULEAN_CAVE_1F/rocks; FR_CERULEAN_CAVE_2F/rocks; FR_MT_MOON_1F/land; FR_SIX_ISLAND_ALTERING_CAVE/land
leafgreen,839,COALOSSAL,8,34,no,FR_ROCK_TUNNEL_B1F/land; FR_ROCK_TUNNEL_B1F/rocks; FR_SEVEN_ISLAND_SEVAULT_CANYON/land; FR_SEVEN_ISLAND_SEVAULT_CANYON/rocks
leafgreen,841,FLAPPLE,8,25,no,FR_SAFARI_ZONE_EAST/land; FR_SIX_ISLAND_PATTERN_BUSH/land
leafgreen,843,SILICOBRA,8,2,no,FR_CERULEAN_CAVE_1F/rocks; FR_CERULEAN_CAVE_B1F/rocks; FR_MT_MOON_B1F/land; FR_VICTORY_ROAD_1F/land
leafgreen,845,CRAMORANT,8,22,no,FR_ROUTE_12/land; FR_SAFARI_ZONE_EAST/fishing; FR_SAFARI_ZONE_EAST/water; FR_SAFARI_ZONE_NORTH/fishing; FR_SAFARI_ZONE_NORTH/land; FR_SAFARI_ZONE_NORTH/water
leafgreen,847,BARRASKEWDA,8,26,no,FR_FOUR_ISLAND/fishing; FR_FOUR_ISLAND/water; FR_ROUTE_6/water; SEVII_ONE_ISLAND_KINDLE_ROAD/fishing
leafgreen,849,TOXTRICITY,8,30,no,FR_MT_EMBER_RUBY_PATH_B1F/rocks; FR_MT_EMBER_RUBY_PATH_B2F/rocks; FR_VICTORY_ROAD_1F/land; FR_VICTORY_ROAD_2F/land
leafgreen,851,CENTISKORCH,8,28,no,FR_MT_EMBER_RUBY_PATH_B1F_STAIRS/land; FR_POKEMON_MANSION_B1F/land
leafgreen,853,GRAPPLOCT,8,25,no,FR_CERULEAN_CAVE_B1F/land; FR_SEVEN_ISLAND_TANOBY_RUINS_WEEPTH_CHAMBER/land
leafgreen,855,POLTEAGEIST,8,25,no,FR_FIVE_ISLAND_LOST_CAVE_ROOM1/land; FR_POKEMON_TOWER_3F/land
leafgreen,857,HATTREM,8,32,no,FR_CERULEAN_CAVE_B1F/land; FR_SAFARI_ZONE_WEST/land
leafgreen,859,IMPIDIMP,8,2,no,FR_FIVE_ISLAND_LOST_CAVE_ROOM10/land; FR_POKEMON_TOWER_4F/land
leafgreen,861,GRIMMSNARL,8,42,no,FR_FIVE_ISLAND_LOST_CAVE_ROOM10/land; FR_POKEMON_TOWER_6F/land
leafgreen,863,PERRSERKER,8,28,no,FR_MT_EMBER_SUMMIT_PATH_2F/rocks; FR_ROCK_TUNNEL_1F/land; FR_ROCK_TUNNEL_B1F/rocks; FR_SIX_ISLAND_ALTERING_CAVE/land
leafgreen,865,SIRFETCHD,8,25,no,FR_CERULEAN_CAVE_2F/land; FR_SAFARI_ZONE_CENTER/land
leafgreen,867,RUNERIGUS,8,25,no,FR_POKEMON_TOWER_3F/land; FR_POKEMON_TOWER_7F/land
leafgreen,869,ALCREMIE,8,25,no,FR_SAFARI_ZONE_WEST/land; FR_SEVEN_ISLAND_TANOBY_RUINS_MONEAN_CHAMBER/land
leafgreen,871,PINCURCHIN,8,15,no,FR_ROUTE_21_NORTH/fishing; FR_ROUTE_21_NORTH/land; FR_ROUTE_21_NORTH/water; FR_ROUTE_21_SOUTH/fishing; FR_SEAFOAM_ISLANDS_1F/land; FR_SEVEN_ISLAND_TRAINER_TOWER/water
leafgreen,873,FROSMOTH,8,25,no,FR_FOUR_ISLAND_ICEFALL_CAVE_1F/land; FR_SEAFOAM_ISLANDS_B4F/land
leafgreen,875,EISCUE,8,22,no,FR_SEAFOAM_ISLANDS_B3F/land; FR_SEAFOAM_ISLANDS_B4F/land
leafgreen,877,MORPEKO,8,15,no,FR_POWER_PLANT/land
leafgreen,879,COPPERAJAH,8,34,no,FR_ROCK_TUNNEL_B1F/land; FR_ROCK_TUNNEL_B1F/rocks; FR_SEVEN_ISLAND_SEVAULT_CANYON/land; FR_SEVEN_ISLAND_SEVAULT_CANYON/rocks
leafgreen,881,ARCTOZOLT,8,2,no,FR_FOUR_ISLAND_ICEFALL_CAVE_BACK/land; FR_SEAFOAM_ISLANDS_B4F/land
leafgreen,883,ARCTOVISH,8,2,no,FR_FOUR_ISLAND_ICEFALL_CAVE_B1F/land; FR_SEAFOAM_ISLANDS_B3F/land
leafgreen,885,DREEPY,8,25,no,FR_MT_EMBER_EXTERIOR/rocks; FR_MT_EMBER_RUBY_PATH_1F/rocks; FR_VICTORY_ROAD_1F/land; FR_VICTORY_ROAD_2F/land
leafgreen,887,DRAGAPULT,8,60,no,FR_CERULEAN_CAVE_2F/rocks; FR_CERULEAN_CAVE_B1F/rocks; FR_VICTORY_ROAD_1F/land; FR_VICTORY_ROAD_2F/land
leafgreen,889,ZAMAZENTA,8,50,yes,FR_CERULEAN_CAVE_2F/land; FR_SEVEN_ISLAND_SEVAULT_CANYON/land
leafgreen,891,KUBFU,8,50,yes,FR_CERULEAN_CAVE_2F/land; FR_SEVEN_ISLAND_SEVAULT_CANYON/land
leafgreen,893,ZARUDE,8,50,yes,FR_FIVE_ISLAND_LOST_CAVE_ROOM1/land; FR_FIVE_ISLAND_LOST_CAVE_ROOM10/land
leafgreen,895,REGIDRAGO,8,50,yes,FR_CERULEAN_CAVE_B1F/land; FR_MT_EMBER_RUBY_PATH_B3F/land
leafgreen,897,SPECTRIER,8,50,yes,FR_FIVE_ISLAND_LOST_CAVE_ROOM1/land; FR_FIVE_ISLAND_LOST_CAVE_ROOM10/land
leafgreen,899,WYRDEER,8,25,no,FR_SAFARI_ZONE_WEST/land; FR_SEVEN_ISLAND_TANOBY_RUINS_MONEAN_CHAMBER/land
leafgreen,901,URSALUNA,8,40,no,FR_MT_EMBER_RUBY_PATH_B2F_STAIRS/rocks; FR_VICTORY_ROAD_1F/land; FR_VICTORY_ROAD_2F/land; SEVII_ONE_ISLAND_KINDLE_ROAD/rocks
leafgreen,903,SNEASLER,8,25,no,FR_FOUR_ISLAND_ICEFALL_CAVE_BACK/land; FR_SEAFOAM_ISLANDS_B4F/land
leafgreen,905,ENAMORUS,8,50,yes,FR_CERULEAN_CAVE_2F/land; FR_SEVEN_ISLAND_SEVAULT_CANYON/land
leafgreen,907,FLORAGATO,9,16,no,FR_ROUTE_25/land; FR_SAFARI_ZONE_EAST/land
leafgreen,909,FUECOCO,9,2,no,FR_POKEMON_MANSION_1F/land; FR_POKEMON_MANSION_2F/land
leafgreen,911,SKELEDIRGE,9,36,no,FR_FIVE_ISLAND_LOST_CAVE_ROOM10/land; FR_POKEMON_TOWER_6F/land
leafgreen,913,QUAXWELL,9,16,no,FR_ROUTE_12/land; FR_SAFARI_ZONE_NORTH/fishing; FR_SAFARI_ZONE_NORTH/land; FR_SAFARI_ZONE_NORTH/water; FR_TWO_ISLAND_CAPE_BRINK/water; SEVII_ONE_ISLAND_TREASURE_BEACH/fishing
leafgreen,915,LECHONK,9,2,no,FR_ROUTE_3/land; FR_SIX_ISLAND_WATER_PATH/land
leafgreen,917,TAROUNTULA,9,2,no,FR_SAFARI_ZONE_EAST/land; FR_VIRIDIAN_FOREST/land
leafgreen,919,NYMBLE,9,2,no,FR_ROUTE_24/land; FR_THREE_ISLAND_BERRY_FOREST/land
leafgreen,921,PAWMI,9,2,no,FR_POWER_PLANT/land
leafgreen,923,PAWMOT,9,40,no,FR_POWER_PLANT/land
leafgreen,925,MAUSHOLD,9,25,no,FR_ROUTE_13/land; FR_ROUTE_17/land
leafgreen,927,DACHSBUN,9,26,no,FR_CERULEAN_CAVE_B1F/land; FR_SIX_ISLAND_RUIN_VALLEY/land
leafgreen,929,DOLLIV,9,25,no,FR_SAFARI_ZONE_EAST/land; FR_THREE_ISLAND_BERRY_FOREST/land
leafgreen,931,SQUAWKABILLY,9,15,no,FR_SAFARI_ZONE_CENTER/land; FR_SEVEN_ISLAND_TANOBY_RUINS_LIPTOO_CHAMBER/land
leafgreen,933,NACLSTACK,9,24,no,FR_CERULEAN_CAVE_B1F/rocks; FR_ROCK_TUNNEL_1F/land; FR_SEVEN_ISLAND_SEVAULT_CANYON/rocks; FR_VICTORY_ROAD_1F/land
leafgreen,935,CHARCADET,9,2,no,FR_CERULEAN_CAVE_B1F/rocks; FR_MT_EMBER_SUMMIT_PATH_2F/rocks; FR_MT_MOON_B1F/land; FR_SIX_ISLAND_ALTERING_CAVE/land
leafgreen,937,CERULEDGE,9,25,no,FR_ROCK_TUNNEL_B1F/land; FR_ROCK_TUNNEL_B1F/rocks; FR_SEVEN_ISLAND_SEVAULT_CANYON/land; FR_SEVEN_ISLAND_SEVAULT_CANYON/rocks
leafgreen,939,BELLIBOLT,9,25,no,FR_POWER_PLANT/land
leafgreen,941,KILOWATTREL,9,25,no,FR_POWER_PLANT/land
leafgreen,943,MABOSSTIFF,9,30,no,FR_CERULEAN_CAVE_1F/rocks; FR_MT_EMBER_RUBY_PATH_1F/rocks; FR_VICTORY_ROAD_1F/land; FR_VICTORY_ROAD_3F/land
leafgreen,945,GRAFAIAI,9,28,no,FR_POWER_PLANT/land
leafgreen,947,BRAMBLEGHAST,9,25,no,FR_POKEMON_TOWER_3F/land; FR_POKEMON_TOWER_4F/land
leafgreen,949,TOEDSCRUEL,9,30,no,FR_SAFARI_ZONE_EAST/land; FR_THREE_ISLAND_BOND_BRIDGE/land
leafgreen,951,CAPSAKID,9,2,no,FR_CERULEAN_CAVE_B1F/land; FR_SAFARI_ZONE_WEST/land
leafgreen,953,RELLOR,9,2,no,FR_ROUTE_24/land; FR_SIX_ISLAND_PATTERN_BUSH/land
leafgreen,955,FLITTLE,9,2,no,FR_CERULEAN_CAVE_2F/land; FR_SEVEN_ISLAND_TANOBY_RUINS_DILFORD_CHAMBER/land
leafgreen,957,TINKATINK,9,2,no,FR_SAFARI_ZONE_CENTER/land; FR_SEVEN_ISLAND_TANOBY_RUINS_WEEPTH_CHAMBER/land
leafgreen,959,TINKATON,9,38,no,FR_CERULEAN_CAVE_1F/land; FR_CERULEAN_CAVE_2F/land
leafgreen,961,WUGTRIO,9,26,no,FR_ROUTE_19/fishing; FR_ROUTE_19/water; FR_ROUTE_21_NORTH/fishing; SEVII_ONE_ISLAND_TREASURE_BEACH/water
leafgreen,963,FINIZEN,9,2,no,FR_ROUTE_10/fishing; FR_ROUTE_10/water; FR_ROUTE_20/fishing; FR_ROUTE_20/water
leafgreen,965,VAROOM,9,2,no,FR_CERULEAN_CAVE_1F/rocks; FR_CERULEAN_CAVE_2F/rocks; FR_MT_MOON_1F/land; FR_MT_MOON_B1F/land
leafgreen,967,CYCLIZAR,9,30,no,FR_CERULEAN_CAVE_B1F/land; FR_SAFARI_ZONE_CENTER/land
leafgreen,969,GLIMMET,9,8,no,FR_MT_EMBER_EXTERIOR/rocks; FR_MT_EMBER_RUBY_PATH_B1F/rocks; FR_MT_MOON_1F/land; FR_MT_MOON_B1F/land
leafgreen,971,GREAVARD,9,2,no,FR_FIVE_ISLAND_LOST_CAVE_ROOM1/land; FR_POKEMON_TOWER_7F/land
leafgreen,973,FLAMIGO,9,30,no,FR_SAFARI_ZONE_CENTER/land; FR_SAFARI_ZONE_WEST/land
leafgreen,975,CETITAN,9,25,no,FR_CERULEAN_CAVE_1F/rocks; FR_MT_EMBER_EXTERIOR/rocks; FR_ROCK_TUNNEL_1F/land; FR_VICTORY_ROAD_1F/land
leafgreen,977,DONDOZO,9,30,no,FR_SAFARI_ZONE_NORTH/fishing; FR_SAFARI_ZONE_NORTH/water; FR_SEAFOAM_ISLANDS_B3F/water; SEVII_ONE_ISLAND_TREASURE_BEACH/fishing
leafgreen,979,ANNIHILAPE,9,40,no,FR_FIVE_ISLAND_LOST_CAVE_ROOM10/land; FR_POKEMON_TOWER_6F/land
leafgreen,981,FARIGIRAF,9,25,no,FR_CERULEAN_CAVE_1F/land; FR_SEVEN_ISLAND_TANOBY_RUINS_VIAPOIS_CHAMBER/land
leafgreen,983,KINGAMBIT,9,52,no,FR_FIVE_ISLAND_LOST_CAVE_ROOM10/land; FR_FIVE_ISLAND_LOST_CAVE_ROOM11/land
leafgreen,985,SCREAM_TAIL,9,2,no,FR_CERULEAN_CAVE_2F/land; FR_SEVEN_ISLAND_TANOBY_RUINS_SCUFIB_CHAMBER/land
leafgreen,987,FLUTTER_MANE,9,2,no,FR_FIVE_ISLAND_LOST_CAVE_ROOM10/land; FR_POKEMON_TOWER_5F/land
leafgreen,989,SANDY_SHOCKS,9,2,no,FR_POWER_PLANT/land
leafgreen,991,IRON_BUNDLE,9,2,no,FR_FOUR_ISLAND_ICEFALL_CAVE_BACK/land; FR_SEAFOAM_ISLANDS_B3F/land
leafgreen,993,IRON_JUGULIS,9,2,no,FR_FIVE_ISLAND_LOST_CAVE_ROOM1/land; FR_POKEMON_TOWER_7F/land
leafgreen,995,IRON_THORNS,9,2,no,FR_POWER_PLANT/land
leafgreen,997,ARCTIBAX,9,35,no,FR_CERULEAN_CAVE_1F/rocks; FR_ROCK_TUNNEL_B1F/land; FR_ROCK_TUNNEL_B1F/rocks; FR_SIX_ISLAND_ALTERING_CAVE/land
leafgreen,999,GIMMIGHOUL,9,2,no,FR_POKEMON_TOWER_3F/land; FR_POKEMON_TOWER_4F/land
leafgreen,1001,WO_CHIEN,9,50,yes,FR_FIVE_ISLAND_LOST_CAVE_ROOM1/land; FR_FIVE_ISLAND_LOST_CAVE_ROOM10/land
leafgreen,1003,TING_LU,9,50,yes,FR_FIVE_ISLAND_LOST_CAVE_ROOM1/land; FR_FIVE_ISLAND_LOST_CAVE_ROOM10/land
leafgreen,1005,ROARING_MOON,9,2,no,FR_FIVE_ISLAND_LOST_CAVE_ROOM10/land; FR_POKEMON_TOWER_5F/land
leafgreen,1007,KORAIDON,9,50,yes,FR_CERULEAN_CAVE_B1F/land; FR_MT_EMBER_RUBY_PATH_B3F/land
leafgreen,1009,WALKING_WAKE,9,2,no,FR_ROUTE_21_NORTH/fishing; FR_ROUTE_21_NORTH/land; FR_ROUTE_21_NORTH/water; FR_SEAFOAM_ISLANDS_B1F/land; FR_SEAFOAM_ISLANDS_B3F/fishing; FR_THREE_ISLAND_BOND_BRIDGE/water
leafgreen,1011,DIPPLIN,9,25,no,FR_SAFARI_ZONE_EAST/land; FR_SIX_ISLAND_PATTERN_BUSH/land
leafgreen,1013,SINISTCHA,9,25,no,FR_POKEMON_TOWER_3F/land; FR_POKEMON_TOWER_7F/land
leafgreen,1015,MUNKIDORI,9,50,yes,FR_SIX_ISLAND_PATTERN_BUSH/land; FR_THREE_ISLAND_BERRY_FOREST/land
leafgreen,1017,OGERPON,9,50,yes,FR_SIX_ISLAND_PATTERN_BUSH/land; FR_THREE_ISLAND_BERRY_FOREST/land
leafgreen,1019,HYDRAPPLE,9,40,no,FR_SAFARI_ZONE_EAST/land; FR_THREE_ISLAND_BOND_BRIDGE/land
leafgreen,1021,RAGING_BOLT,9,2,no,FR_POWER_PLANT/land
leafgreen,1023,IRON_CROWN,9,2,no,FR_MT_EMBER_RUBY_PATH_B1F/rocks; FR_MT_MOON_B1F/land; FR_VICTORY_ROAD_1F/land; SEVII_ONE_ISLAND_KINDLE_ROAD/rocks
leafgreen,1025,PECHARUNT,9,50,yes,FR_FIVE_ISLAND_LOST_CAVE_ROOM1/land; FR_FIVE_ISLAND_LOST_CAVE_ROOM10/land
emerald,1,BULBASAUR,1,2,no,EM_SLATEPORT_CITY/land
emerald,2,IVYSAUR,1,16,no,EM_MAUVILLE_CITY/land; EM_SLATEPORT_CITY/land
emerald,3,VENUSAUR,1,32,no,EM_MAUVILLE_CITY/land; EM_RUSTBORO_CITY/land; EM_SLATEPORT_CITY/land
emerald,4,CHARMANDER,1,2,no,EM_FORTREE_CITY/land; EM_MAUVILLE_CITY/land; EM_RUSTBORO_CITY/land; EM_SLATEPORT_CITY/land
emerald,5,CHARMELEON,1,16,no,EM_FORTREE_CITY/land; EM_LILYCOVE_CITY/land; EM_MAUVILLE_CITY/land; EM_MOSSDEEP_CITY/land; EM_RUSTBORO_CITY/land; EM_SOOTOPOLIS_CITY/land
emerald,6,CHARIZARD,1,36,no,EM_FORTREE_CITY/land; EM_LILYCOVE_CITY/land; EM_MOSSDEEP_CITY/land; EM_RUSTBORO_CITY/land; EM_SOOTOPOLIS_CITY/land
emerald,7,SQUIRTLE,1,2,no,EM_FORTREE_CITY/land; EM_LILYCOVE_CITY/land; EM_MOSSDEEP_CITY/land; EM_SOOTOPOLIS_CITY/land
emerald,8,WARTORTLE,1,16,no,EM_LILYCOVE_CITY/land; EM_MOSSDEEP_CITY/land; EM_SOOTOPOLIS_CITY/land
emerald,25,PIKACHU,1,2,no,EM_SAFARI_ZONE_SOUTH/land; EM_SAFARI_ZONE_SOUTHWEST/land
emerald,27,SANDSHREW,1,2,no,EM_MIRAGE_TOWER_1F/land; EM_MIRAGE_TOWER_2F/land; EM_MIRAGE_TOWER_3F/land; EM_MIRAGE_TOWER_4F/land; EM_ROUTE111/land
emerald,37,VULPIX,1,2,no,EM_MT_PYRE_EXTERIOR/land
emerald,39,JIGGLYPUFF,1,25,no,EM_ROUTE115/land
emerald,41,ZUBAT,1,2,no,EM_ALTERING_CAVE/land; EM_CAVE_OF_ORIGIN_1F/land; EM_CAVE_OF_ORIGIN_ENTRANCE/land; EM_CAVE_OF_ORIGIN_UNUSED_RUBY_SAPPHIRE_MAP1/land; EM_CAVE_OF_ORIGIN_UNUSED_RUBY_SAPPHIRE_MAP2/land; EM_CAVE_OF_ORIGIN_UNUSED_RUBY_SAPPHIRE_MAP3/land; EM_GRANITE_CAVE_1F/land; EM_GRANITE_CAVE_B1F/land; EM_GRANITE_CAVE_B2F/land; EM_GRANITE_CAVE_STEVENS_ROOM/land; EM_METEOR_FALLS_1F_1R/land; EM_METEOR_FALLS_1F_1R/water; EM_SEAFLOOR_CAVERN_ENTRANCE/water; EM_SEAFLOOR_CAVERN_ROOM1/land; EM_SEAFLOOR_CAVERN_ROOM2/land; EM_SEAFLOOR_CAVERN_ROOM3/land; EM_SEAFLOOR_CAVERN_ROOM4/land; EM_SEAFLOOR_CAVERN_ROOM5/land; EM_SEAFLOOR_CAVERN_ROOM6/land; EM_SEAFLOOR_CAVERN_ROOM6/water; EM_SEAFLOOR_CAVERN_ROOM7/land; EM_SEAFLOOR_CAVERN_ROOM7/water; EM_SEAFLOOR_CAVERN_ROOM8/land; EM_SHOAL_CAVE_LOW_TIDE_ENTRANCE_ROOM/land; EM_SHOAL_CAVE_LOW_TIDE_ENTRANCE_ROOM/water; EM_SHOAL_CAVE_LOW_TIDE_ICE_ROOM/land; EM_SHOAL_CAVE_LOW_TIDE_INNER_ROOM/land; EM_SHOAL_CAVE_LOW_TIDE_INNER_ROOM/water; EM_SHOAL_CAVE_LOW_TIDE_LOWER_ROOM/land; EM_SHOAL_CAVE_LOW_TIDE_STAIRS_ROOM/land; EM_VICTORY_ROAD_1F/land
emerald,42,GOLBAT,1,22,no,EM_CAVE_OF_ORIGIN_1F/land; EM_CAVE_OF_ORIGIN_ENTRANCE/land; EM_CAVE_OF_ORIGIN_UNUSED_RUBY_SAPPHIRE_MAP1/land; EM_CAVE_OF_ORIGIN_UNUSED_RUBY_SAPPHIRE_MAP2/land; EM_CAVE_OF_ORIGIN_UNUSED_RUBY_SAPPHIRE_MAP3/land; EM_METEOR_FALLS_1F_2R/land; EM_METEOR_FALLS_1F_2R/water; EM_METEOR_FALLS_B1F_1R/land; EM_METEOR_FALLS_B1F_1R/water; EM_METEOR_FALLS_B1F_2R/land; EM_METEOR_FALLS_B1F_2R/water; EM_METEOR_FALLS_STEVENS_CAVE/land; EM_SEAFLOOR_CAVERN_ENTRANCE/water; EM_SEAFLOOR_CAVERN_ROOM1/land; EM_SEAFLOOR_CAVERN_ROOM2/land; EM_SEAFLOOR_CAVERN_ROOM3/land; EM_SEAFLOOR_CAVERN_ROOM4/land; EM_SEAFLOOR_CAVERN_ROOM5/land; EM_SEAFLOOR_CAVERN_ROOM6/land; EM_SEAFLOOR_CAVERN_ROOM6/water; EM_SEAFLOOR_CAVERN_ROOM7/land; EM_SEAFLOOR_CAVERN_ROOM7/water; EM_SEAFLOOR_CAVERN_ROOM8/land; EM_SHOAL_CAVE_LOW_TIDE_ENTRANCE_ROOM/land; EM_SHOAL_CAVE_LOW_TIDE_ICE_ROOM/land; EM_SHOAL_CAVE_LOW_TIDE_INNER_ROOM/land; EM_SHOAL_CAVE_LOW_TIDE_LOWER_ROOM/land; EM_SHOAL_CAVE_LOW_TIDE_STAIRS_ROOM/land; EM_SKY_PILLAR_1F/land; EM_SKY_PILLAR_3F/land; EM_SKY_PILLAR_5F/land; EM_VICTORY_ROAD_1F/land; EM_VICTORY_ROAD_B1F/land; EM_VICTORY_ROAD_B2F/land; EM_VICTORY_ROAD_B2F/water
emerald,43,ODDISH,1,2,no,EM_ROUTE110/land; EM_ROUTE117/land; EM_ROUTE119/land; EM_ROUTE120/land; EM_ROUTE121/land; EM_ROUTE123/land; EM_SAFARI_ZONE_NORTH/land; EM_SAFARI_ZONE_NORTHWEST/land; EM_SAFARI_ZONE_SOUTH/land; EM_SAFARI_ZONE_SOUTHWEST/land
emerald,44,GLOOM,1,21,no,EM_ROUTE121/land; EM_ROUTE123/land; EM_SAFARI_ZONE_NORTH/land; EM_SAFARI_ZONE_NORTHWEST/land; EM_SAFARI_ZONE_SOUTH/land; EM_SAFARI_ZONE_SOUTHWEST/land
emerald,54,PSYDUCK,1,2,no,EM_SAFARI_ZONE_NORTHWEST/water; EM_SAFARI_ZONE_SOUTHWEST/water
emerald,55,GOLDUCK,1,33,no,EM_SAFARI_ZONE_NORTHWEST/water
emerald,63,ABRA,1,2,no,EM_GRANITE_CAVE_1F/land; EM_GRANITE_CAVE_B1F/land; EM_GRANITE_CAVE_B2F/land; EM_GRANITE_CAVE_STEVENS_ROOM/land; EM_ROUTE116/land
emerald,66,MACHOP,1,2,no,EM_FIERY_PATH/land; EM_JAGGED_PASS/land
emerald,72,TENTACOOL,1,2,no,EM_ABANDONED_SHIP_HIDDEN_FLOOR_CORRIDORS/fishing; EM_ABANDONED_SHIP_HIDDEN_FLOOR_CORRIDORS/water; EM_ABANDONED_SHIP_ROOMS_B1F/fishing; EM_ABANDONED_SHIP_ROOMS_B1F/water; EM_DEWFORD_TOWN/fishing; EM_DEWFORD_TOWN/water; EM_EVER_GRANDE_CITY/fishing; EM_EVER_GRANDE_CITY/water; EM_LILYCOVE_CITY/fishing; EM_LILYCOVE_CITY/water; EM_MOSSDEEP_CITY/fishing; EM_MOSSDEEP_CITY/water; EM_PACIFIDLOG_TOWN/fishing; EM_PACIFIDLOG_TOWN/water; EM_ROUTE103/fishing; EM_ROUTE103/water; EM_ROUTE105/fishing; EM_ROUTE105/water; EM_ROUTE106/fishing; EM_ROUTE106/water; EM_ROUTE107/fishing; EM_ROUTE107/water; EM_ROUTE108/fishing; EM_ROUTE108/water; EM_ROUTE109/fishing; EM_ROUTE109/water; EM_ROUTE110/fishing; EM_ROUTE110/water; EM_ROUTE115/fishing; EM_ROUTE115/water; EM_ROUTE118/fishing; EM_ROUTE118/water; EM_ROUTE119/fishing; EM_ROUTE119/water; EM_ROUTE121/fishing; EM_ROUTE121/water; EM_ROUTE122/fishing; EM_ROUTE122/water; EM_ROUTE123/fishing; EM_ROUTE123/water; EM_ROUTE124/fishing; EM_ROUTE124/water; EM_ROUTE125/fishing; EM_ROUTE125/water; EM_ROUTE126/fishing; EM_ROUTE126/water; EM_ROUTE127/fishing; EM_ROUTE127/water; EM_ROUTE128/fishing; EM_ROUTE128/water; EM_ROUTE129/fishing; EM_ROUTE129/water; EM_ROUTE130/fishing; EM_ROUTE130/water; EM_ROUTE131/fishing; EM_ROUTE131/water; EM_ROUTE132/fishing; EM_ROUTE132/water; EM_ROUTE133/fishing; EM_ROUTE133/water; EM_ROUTE134/fishing; EM_ROUTE134/water; EM_SEAFLOOR_CAVERN_ENTRANCE/fishing; EM_SEAFLOOR_CAVERN_ENTRANCE/water; EM_SEAFLOOR_CAVERN_ROOM6/fishing; EM_SEAFLOOR_CAVERN_ROOM6/water; EM_SEAFLOOR_CAVERN_ROOM7/fishing; EM_SEAFLOOR_CAVERN_ROOM7/water; EM_SHOAL_CAVE_LOW_TIDE_ENTRANCE_ROOM/fishing; EM_SHOAL_CAVE_LOW_TIDE_ENTRANCE_ROOM/water; EM_SHOAL_CAVE_LOW_TIDE_INNER_ROOM/fishing; EM_SHOAL_CAVE_LOW_TIDE_INNER_ROOM/water; EM_SLATEPORT_CITY/fishing; EM_SLATEPORT_CITY/water; EM_SOOTOPOLIS_CITY/fishing
emerald,73,TENTACRUEL,1,30,no,EM_ABANDONED_SHIP_HIDDEN_FLOOR_CORRIDORS/fishing; EM_ABANDONED_SHIP_HIDDEN_FLOOR_CORRIDORS/water; EM_ABANDONED_SHIP_ROOMS_B1F/fishing; EM_ABANDONED_SHIP_ROOMS_B1F/water
emerald,74,GEODUDE,1,2,no,EM_GRANITE_CAVE_1F/land; EM_GRANITE_CAVE_B2F/rocks; EM_MAGMA_HIDEOUT_1F/land; EM_MAGMA_HIDEOUT_2F_1R/land; EM_MAGMA_HIDEOUT_2F_2R/land; EM_MAGMA_HIDEOUT_2F_3R/land; EM_MAGMA_HIDEOUT_3F_1R/land; EM_MAGMA_HIDEOUT_3F_2R/land; EM_MAGMA_HIDEOUT_3F_3R/land; EM_MAGMA_HIDEOUT_4F/land; EM_ROUTE111/rocks; EM_ROUTE114/rocks; EM_SAFARI_ZONE_NORTH/rocks; EM_VICTORY_ROAD_B1F/rocks
emerald,75,GRAVELER,1,25,no,EM_MAGMA_HIDEOUT_1F/land; EM_MAGMA_HIDEOUT_2F_1R/land; EM_MAGMA_HIDEOUT_2F_2R/land; EM_MAGMA_HIDEOUT_2F_3R/land; EM_MAGMA_HIDEOUT_3F_1R/land; EM_MAGMA_HIDEOUT_3F_2R/land; EM_MAGMA_HIDEOUT_3F_3R/land; EM_MAGMA_HIDEOUT_4F/land; EM_VICTORY_ROAD_B1F/rocks
emerald,81,MAGNEMITE,1,2,no,EM_NEW_MAUVILLE_ENTRANCE/land; EM_NEW_MAUVILLE_INSIDE/land
emerald,82,MAGNETON,1,30,no,EM_NEW_MAUVILLE_INSIDE/land
emerald,84,DODUO,1,2,no,EM_SAFARI_ZONE_NORTHWEST/land; EM_SAFARI_ZONE_SOUTH/land; EM_SAFARI_ZONE_SOUTHWEST/land
emerald,85,DODRIO,1,31,no,EM_SAFARI_ZONE_NORTHWEST/land
emerald,88,GRIMER,1,2,no,EM_FIERY_PATH/land
emerald,91,CLOYSTER,1,25,no,EM_ROUTE115/water; EM_ROUTE118/fishing; EM_UNDERWATER_ROUTE124/water; EM_VICTORY_ROAD_B2F/fishing
emerald,100,VOLTORB,1,2,no,EM_NEW_MAUVILLE_ENTRANCE/land; EM_NEW_MAUVILLE_INSIDE/land
emerald,101,ELECTRODE,1,30,no,EM_MAUVILLE_CITY/land; EM_NEW_MAUVILLE_INSIDE/land
emerald,109,KOFFING,1,2,no,EM_FIERY_PATH/land
emerald,111,RHYHORN,1,20,no,EM_SAFARI_ZONE_NORTHWEST/land
emerald,116,HORSEA,1,2,no,EM_ROUTE132/fishing; EM_ROUTE133/fishing; EM_ROUTE134/fishing
emerald,118,GOLDEEN,1,2,no,EM_METEOR_FALLS_1F_1R/fishing; EM_METEOR_FALLS_1F_2R/fishing; EM_METEOR_FALLS_B1F_1R/fishing; EM_METEOR_FALLS_B1F_2R/fishing; EM_PETALBURG_CITY/fishing; EM_ROUTE102/fishing; EM_ROUTE102/water; EM_ROUTE111/fishing; EM_ROUTE111/water; EM_ROUTE114/fishing; EM_ROUTE114/water; EM_ROUTE117/fishing; EM_ROUTE117/water; EM_ROUTE120/fishing; EM_ROUTE120/water; EM_SAFARI_ZONE_NORTHWEST/fishing; EM_SAFARI_ZONE_SOUTHEAST/fishing; EM_SAFARI_ZONE_SOUTHWEST/fishing; EM_VICTORY_ROAD_B2F/fishing
emerald,119,SEAKING,1,33,no,EM_SAFARI_ZONE_NORTHWEST/fishing; EM_SAFARI_ZONE_SOUTHWEST/fishing
emerald,120,STARYU,1,2,no,EM_LILYCOVE_CITY/fishing
emerald,127,PINSIR,1,25,no,EM_SAFARI_ZONE_NORTHWEST/land
emerald,129,MAGIKARP,1,2,no,EM_ABANDONED_SHIP_HIDDEN_FLOOR_CORRIDORS/fishing; EM_ABANDONED_SHIP_ROOMS_B1F/fishing; EM_DEWFORD_TOWN/fishing; EM_EVER_GRANDE_CITY/fishing; EM_LILYCOVE_CITY/fishing; EM_METEOR_FALLS_1F_1R/fishing; EM_METEOR_FALLS_1F_2R/fishing; EM_METEOR_FALLS_B1F_1R/fishing; EM_METEOR_FALLS_B1F_2R/fishing; EM_MOSSDEEP_CITY/fishing; EM_PACIFIDLOG_TOWN/fishing; EM_PETALBURG_CITY/fishing; EM_ROUTE102/fishing; EM_ROUTE103/fishing; EM_ROUTE104/fishing; EM_ROUTE105/fishing; EM_ROUTE106/fishing; EM_ROUTE107/fishing; EM_ROUTE108/fishing; EM_ROUTE109/fishing; EM_ROUTE110/fishing; EM_ROUTE111/fishing; EM_ROUTE114/fishing; EM_ROUTE115/fishing; EM_ROUTE117/fishing; EM_ROUTE118/fishing; EM_ROUTE119/fishing; EM_ROUTE120/fishing; EM_ROUTE121/fishing; EM_ROUTE122/fishing; EM_ROUTE123/fishing; EM_ROUTE124/fishing; EM_ROUTE125/fishing; EM_ROUTE126/fishing; EM_ROUTE127/fishing; EM_ROUTE128/fishing; EM_ROUTE129/fishing; EM_ROUTE130/fishing; EM_ROUTE131/fishing; EM_ROUTE132/fishing; EM_ROUTE133/fishing; EM_ROUTE134/fishing; EM_SAFARI_ZONE_NORTHWEST/fishing; EM_SAFARI_ZONE_SOUTHEAST/fishing; EM_SAFARI_ZONE_SOUTHWEST/fishing; EM_SEAFLOOR_CAVERN_ENTRANCE/fishing; EM_SEAFLOOR_CAVERN_ROOM6/fishing; EM_SEAFLOOR_CAVERN_ROOM7/fishing; EM_SHOAL_CAVE_LOW_TIDE_ENTRANCE_ROOM/fishing; EM_SHOAL_CAVE_LOW_TIDE_INNER_ROOM/fishing; EM_SLATEPORT_CITY/fishing; EM_SOOTOPOLIS_CITY/fishing; EM_SOOTOPOLIS_CITY/water; EM_VICTORY_ROAD_B2F/fishing
emerald,130,GYARADOS,1,20,no,EM_SOOTOPOLIS_CITY/fishing
emerald,132,DITTO,1,2,no,EM_DESERT_UNDERPASS/land
emerald,144,ARTICUNO,1,50,yes,EM_ARTISAN_CAVE_B1F/land; EM_SHOAL_CAVE_LOW_TIDE_ICE_ROOM/land
emerald,145,ZAPDOS,1,50,yes,EM_ARTISAN_CAVE_1F/land; EM_NEW_MAUVILLE_INSIDE/land
emerald,146,MOLTRES,1,50,yes,EM_FIERY_PATH/land; EM_SEAFLOOR_CAVERN_ROOM8/land
emerald,150,MEWTWO,1,50,yes,EM_ARTISAN_CAVE_B1F/land; EM_SKY_PILLAR_3F/land
emerald,152,CHIKORITA,2,2,no,EM_ARTISAN_CAVE_B1F/land; EM_ROUTE114/land; EM_ROUTE114/rocks
emerald,153,BAYLEEF,2,16,no,EM_ARTISAN_CAVE_1F/land; EM_ROUTE114/land; EM_ROUTE114/rocks
emerald,154,MEGANIUM,2,32,no,EM_ARTISAN_CAVE_1F/land; EM_ARTISAN_CAVE_B1F/land
emerald,155,CYNDAQUIL,2,2,no,EM_JAGGED_PASS/land; EM_MAGMA_HIDEOUT_3F_2R/land
emerald,156,QUILAVA,2,17,no,EM_MAGMA_HIDEOUT_2F_1R/land; EM_MAGMA_HIDEOUT_3F_3R/land
emerald,157,TYPHLOSION,2,36,no,EM_ARTISAN_CAVE_1F/land; EM_ARTISAN_CAVE_B1F/land
emerald,158,TOTODILE,2,2,no,EM_ARTISAN_CAVE_1F/land; EM_ARTISAN_CAVE_B1F/land; EM_DEWFORD_TOWN/water; EM_MOSSDEEP_CITY/fishing; EM_ROUTE124/water; EM_ROUTE130/fishing
emerald,159,CROCONAW,2,18,no,EM_ARTISAN_CAVE_1F/land; EM_ARTISAN_CAVE_B1F/land; EM_ROUTE117/fishing; EM_ROUTE117/water; EM_SOOTOPOLIS_CITY/fishing; EM_SOOTOPOLIS_CITY/water
emerald,160,FERALIGATR,2,30,no,EM_ARTISAN_CAVE_1F/land; EM_ARTISAN_CAVE_B1F/land; EM_LILYCOVE_CITY/water; EM_ROUTE105/fishing; EM_ROUTE126/water; EM_ROUTE134/fishing
emerald,161,SENTRET,2,2,no,EM_ROUTE101/land; EM_ROUTE130/land
emerald,162,FURRET,2,15,no,EM_LILYCOVE_CITY/land; EM_ROUTE123/land
emerald,163,HOOTHOOT,2,2,no,EM_SAFARI_ZONE_NORTHEAST/land; EM_SAFARI_ZONE_SOUTHEAST/land
emerald,164,NOCTOWL,2,20,no,EM_LILYCOVE_CITY/land; EM_ROUTE130/land
emerald,165,LEDYBA,2,2,no,EM_ROUTE114/rocks; EM_ROUTE119/land; EM_SAFARI_ZONE_NORTHEAST/land
emerald,166,LEDIAN,2,18,no,EM_ARTISAN_CAVE_B1F/land; EM_ROUTE114/rocks; EM_ROUTE119/land
emerald,167,SPINARAK,2,2,no,EM_ARTISAN_CAVE_1F/land; EM_ROUTE114/rocks; EM_SAFARI_ZONE_SOUTHEAST/land
emerald,168,ARIADOS,2,22,no,EM_ARTISAN_CAVE_1F/land; EM_ROUTE119/land
emerald,169,CROBAT,2,40,no,EM_METEOR_FALLS_1F_2R/land; EM_METEOR_FALLS_STEVENS_CAVE/land
emerald,170,CHINCHOU,2,2,no,EM_ROUTE107/fishing; EM_SEAFLOOR_CAVERN_ENTRANCE/fishing; EM_UNDERWATER_ROUTE124/water; EM_UNDERWATER_ROUTE126/water
emerald,171,LANTURN,2,27,no,EM_ABANDONED_SHIP_HIDDEN_FLOOR_CORRIDORS/water; EM_ROUTE109/fishing; EM_ROUTE122/water; EM_SEAFLOOR_CAVERN_ROOM7/fishing
emerald,172,PICHU,2,2,no,EM_ARTISAN_CAVE_B1F/land; EM_NEW_MAUVILLE_INSIDE/land
emerald,173,CLEFFA,2,2,no,EM_ARTISAN_CAVE_1F/land; EM_SAFARI_ZONE_NORTH/rocks; EM_SAFARI_ZONE_SOUTH/land; EM_VICTORY_ROAD_B1F/rocks
emerald,174,IGGLYBUFF,2,2,no,EM_ROUTE102/land; EM_SLATEPORT_CITY/land
emerald,175,TOGEPI,2,2,no,EM_ARTISAN_CAVE_B1F/land; EM_SAFARI_ZONE_NORTH/rocks; EM_SAFARI_ZONE_NORTHEAST/rocks; EM_SAFARI_ZONE_SOUTHEAST/land
emerald,176,TOGETIC,2,25,no,EM_MOSSDEEP_CITY/land; EM_ROUTE130/land
emerald,177,NATU,2,2,no,EM_SAFARI_ZONE_NORTH/land; EM_SAFARI_ZONE_NORTHEAST/rocks; EM_SAFARI_ZONE_SOUTH/land; EM_SAFARI_ZONE_SOUTHWEST/land; EM_VICTORY_ROAD_B1F/rocks
emerald,178,XATU,2,25,no,EM_SAFARI_ZONE_NORTH/land; EM_SAFARI_ZONE_NORTHEAST/rocks; EM_VICTORY_ROAD_B1F/land; EM_VICTORY_ROAD_B1F/rocks
emerald,179,MAREEP,2,2,no,EM_ALTERING_CAVE/land; EM_SAFARI_ZONE_SOUTHEAST/land
emerald,180,FLAAFFY,2,15,no,EM_ARTISAN_CAVE_1F/land; EM_NEW_MAUVILLE_ENTRANCE/land
emerald,181,AMPHAROS,2,30,no,EM_ARTISAN_CAVE_1F/land; EM_ARTISAN_CAVE_B1F/land
emerald,182,BELLOSSOM,2,40,no,EM_ARTISAN_CAVE_1F/land; EM_ARTISAN_CAVE_B1F/land
emerald,183,MARILL,2,25,no,EM_PETALBURG_CITY/water; EM_ROUTE102/water; EM_ROUTE104/land; EM_ROUTE111/fishing; EM_ROUTE111/water; EM_ROUTE112/land; EM_ROUTE114/water; EM_ROUTE117/land; EM_ROUTE117/water; EM_ROUTE120/land; EM_ROUTE120/water; EM_SAFARI_ZONE_NORTHWEST/fishing; EM_SAFARI_ZONE_SOUTHEAST/water
emerald,184,AZUMARILL,2,25,no,EM_ARTISAN_CAVE_1F/land; EM_ARTISAN_CAVE_B1F/land; EM_ROUTE117/fishing; EM_ROUTE117/water; EM_SOOTOPOLIS_CITY/fishing; EM_SOOTOPOLIS_CITY/water
emerald,185,SUDOWOODO,2,25,no,EM_SAFARI_ZONE_NORTH/land; EM_SAFARI_ZONE_NORTH/rocks; EM_SAFARI_ZONE_NORTHEAST/rocks; EM_SAFARI_ZONE_SOUTHWEST/land
emerald,186,POLITOED,2,40,no,EM_ARTISAN_CAVE_1F/land; EM_ARTISAN_CAVE_B1F/land; EM_ROUTE102/fishing; EM_SAFARI_ZONE_NORTHWEST/fishing; EM_SAFARI_ZONE_NORTHWEST/water
emerald,187,HOPPIP,2,2,no,EM_ARTISAN_CAVE_B1F/land; EM_ROUTE114/land; EM_ROUTE114/rocks
emerald,188,SKIPLOOM,2,18,no,EM_ARTISAN_CAVE_1F/land; EM_ROUTE114/land; EM_ROUTE114/rocks
emerald,189,JUMPLUFF,2,27,no,EM_ARTISAN_CAVE_1F/land; EM_ROUTE119/land
emerald,190,AIPOM,2,8,no,EM_ALTERING_CAVE/land; EM_SAFARI_ZONE_NORTH/rocks; EM_SAFARI_ZONE_NORTHEAST/land; EM_SAFARI_ZONE_NORTHEAST/rocks; EM_SAFARI_ZONE_SOUTHEAST/land
emerald,191,SUNKERN,2,2,no,EM_ROUTE114/rocks; EM_SAFARI_ZONE_NORTHEAST/land; EM_SAFARI_ZONE_SOUTHEAST/land
emerald,192,SUNFLORA,2,25,no,EM_ARTISAN_CAVE_1F/land; EM_ROUTE119/land
emerald,193,YANMA,2,8,no,EM_SAFARI_ZONE_NORTH/rocks; EM_SAFARI_ZONE_NORTHEAST/rocks; EM_SAFARI_ZONE_NORTHWEST/land; EM_VICTORY_ROAD_B2F/land
emerald,194,WOOPER,2,2,no,EM_ARTISAN_CAVE_1F/land; EM_ARTISAN_CAVE_B1F/land; EM_ROUTE111/fishing; EM_ROUTE111/water; EM_SAFARI_ZONE_NORTHWEST/fishing; EM_SAFARI_ZONE_SOUTHEAST/water
emerald,195,QUAGSIRE,2,20,no,EM_ARTISAN_CAVE_1F/land; EM_ARTISAN_CAVE_B1F/land; EM_ROUTE117/fishing; EM_ROUTE117/water; EM_SAFARI_ZONE_SOUTHEAST/water; EM_SOOTOPOLIS_CITY/fishing
emerald,196,ESPEON,2,25,no,EM_SAFARI_ZONE_NORTH/land; EM_SAFARI_ZONE_NORTHEAST/rocks; EM_SAFARI_ZONE_SOUTHWEST/land; EM_VICTORY_ROAD_B1F/rocks
emerald,197,UMBREON,2,25,no,EM_SAFARI_ZONE_NORTH/land; EM_SAFARI_ZONE_NORTH/rocks; EM_SAFARI_ZONE_NORTHEAST/rocks; EM_VICTORY_ROAD_1F/land
emerald,198,MURKROW,2,15,no,EM_MT_PYRE_5F/land; EM_SKY_PILLAR_5F/land
emerald,199,SLOWKING,2,25,no,EM_ARTISAN_CAVE_1F/land; EM_ARTISAN_CAVE_B1F/land; EM_ROUTE119/fishing; EM_ROUTE119/water; EM_SOOTOPOLIS_CITY/fishing; EM_SOOTOPOLIS_CITY/water
emerald,200,MISDREAVUS,2,15,no,EM_ARTISAN_CAVE_B1F/land; EM_MT_PYRE_6F/land
emerald,201,UNOWN,2,2,no,EM_SAFARI_ZONE_NORTHEAST/land; EM_SAFARI_ZONE_NORTHEAST/rocks; EM_VICTORY_ROAD_1F/land; EM_VICTORY_ROAD_B1F/rocks
emerald,202,WOBBUFFET,2,15,no,EM_FORTREE_CITY/land; EM_SAFARI_ZONE_NORTHEAST/rocks; EM_SAFARI_ZONE_SOUTH/land; EM_SAFARI_ZONE_SOUTHWEST/land; EM_VICTORY_ROAD_B1F/rocks
emerald,203,GIRAFARIG,2,22,no,EM_SAFARI_ZONE_NORTH/rocks; EM_SAFARI_ZONE_SOUTH/land; EM_SAFARI_ZONE_SOUTHWEST/land; EM_VICTORY_ROAD_B1F/rocks
emerald,204,PINECO,2,2,no,EM_ALTERING_CAVE/land; EM_ROUTE114/rocks; EM_SAFARI_ZONE_NORTHEAST/land
emerald,205,FORRETRESS,2,31,no,EM_ARTISAN_CAVE_1F/land; EM_ARTISAN_CAVE_B1F/land
emerald,206,DUNSPARCE,2,15,no,EM_GRANITE_CAVE_B2F/rocks; EM_METEOR_FALLS_B1F_2R/land; EM_ROUTE111/rocks; EM_SEAFLOOR_CAVERN_ROOM8/land
emerald,207,GLIGAR,2,15,no,EM_ARTISAN_CAVE_1F/land; EM_SAFARI_ZONE_NORTHEAST/rocks; EM_SAFARI_ZONE_SOUTHEAST/land; EM_VICTORY_ROAD_B1F/rocks
emerald,208,STEELIX,2,25,no,EM_ARTISAN_CAVE_1F/land; EM_METEOR_FALLS_B1F_2R/land
emerald,209,SNUBBULL,2,2,no,EM_ARTISAN_CAVE_B1F/land; EM_SAFARI_ZONE_NORTH/rocks; EM_SAFARI_ZONE_SOUTHEAST/land; EM_VICTORY_ROAD_B1F/rocks
emerald,210,GRANBULL,2,23,no,EM_SAFARI_ZONE_NORTH/rocks; EM_SAFARI_ZONE_NORTHEAST/land; EM_VICTORY_ROAD_B1F/land; EM_VICTORY_ROAD_B1F/rocks
emerald,211,QWILFISH,2,15,no,EM_METEOR_FALLS_1F_2R/water; EM_METEOR_FALLS_B1F_2R/fishing; EM_ROUTE128/water; EM_ROUTE129/fishing
emerald,212,SCIZOR,2,25,no,EM_SAFARI_ZONE_NORTH/rocks; EM_SAFARI_ZONE_NORTHEAST/rocks; EM_SAFARI_ZONE_NORTHWEST/land; EM_VICTORY_ROAD_B2F/land
emerald,213,SHUCKLE,2,30,no,EM_ALTERING_CAVE/land; EM_SAFARI_ZONE_NORTHEAST/rocks; EM_SAFARI_ZONE_SOUTHEAST/land; EM_VICTORY_ROAD_B1F/rocks
emerald,214,HERACROSS,2,30,no,EM_SAFARI_ZONE_NORTH/land; EM_SAFARI_ZONE_NORTH/rocks; EM_SAFARI_ZONE_NORTHEAST/rocks; EM_SAFARI_ZONE_NORTHWEST/land
emerald,215,SNEASEL,2,15,no,EM_ARTISAN_CAVE_B1F/land; EM_SHOAL_CAVE_LOW_TIDE_INNER_ROOM/land
emerald,216,TEDDIURSA,2,2,no,EM_ALTERING_CAVE/land; EM_GRANITE_CAVE_B2F/rocks; EM_ROUTE111/rocks; EM_SAFARI_ZONE_NORTHEAST/land
emerald,217,URSARING,2,30,no,EM_CAVE_OF_ORIGIN_ENTRANCE/land; EM_SEAFLOOR_CAVERN_ROOM2/land
emerald,218,SLUGMA,2,2,no,EM_FIERY_PATH/land; EM_ROUTE113/land
emerald,219,MAGCARGO,2,38,no,EM_ARTISAN_CAVE_1F/land; EM_ARTISAN_CAVE_B1F/land
emerald,220,SWINUB,2,2,no,EM_SHOAL_CAVE_LOW_TIDE_ENTRANCE_ROOM/land; EM_SHOAL_CAVE_LOW_TIDE_LOWER_ROOM/land
emerald,221,PILOSWINE,2,33,no,EM_ARTISAN_CAVE_1F/land; EM_ARTISAN_CAVE_B1F/land
emerald,222,CORSOLA,2,15,no,EM_EVER_GRANDE_CITY/fishing; EM_MOSSDEEP_CITY/water; EM_ROUTE128/fishing; EM_ROUTE131/water
emerald,223,REMORAID,2,2,no,EM_PETALBURG_CITY/fishing; EM_PETALBURG_CITY/water; EM_ROUTE119/water; EM_SAFARI_ZONE_SOUTHEAST/fishing
emerald,224,OCTILLERY,2,25,no,EM_ROUTE102/water; EM_SAFARI_ZONE_NORTHWEST/fishing; EM_SAFARI_ZONE_NORTHWEST/water; EM_SAFARI_ZONE_SOUTHEAST/fishing
emerald,225,DELIBIRD,2,2,no,EM_SHOAL_CAVE_LOW_TIDE_ICE_ROOM/land; EM_SHOAL_CAVE_LOW_TIDE_STAIRS_ROOM/land
emerald,226,MANTINE,2,25,no,EM_METEOR_FALLS_1F_2R/fishing; EM_ROUTE107/water; EM_ROUTE127/fishing; EM_SEAFLOOR_CAVERN_ROOM6/water
emerald,227,SKARMORY,2,2,no,EM_GRANITE_CAVE_B2F/rocks; EM_ROUTE111/rocks; EM_ROUTE113/land; EM_SEAFLOOR_CAVERN_ROOM3/land
emerald,228,HOUNDOUR,2,2,no,EM_ALTERING_CAVE/land; EM_SAFARI_ZONE_NORTHEAST/land; EM_SAFARI_ZONE_NORTHEAST/rocks; EM_VICTORY_ROAD_B1F/rocks
emerald,229,HOUNDOOM,2,24,no,EM_SAFARI_ZONE_NORTH/land; EM_SAFARI_ZONE_NORTHEAST/rocks; EM_SAFARI_ZONE_SOUTHWEST/land; EM_VICTORY_ROAD_B1F/rocks
emerald,230,KINGDRA,2,40,no,EM_METEOR_FALLS_1F_2R/fishing; EM_ROUTE126/fishing; EM_UNDERWATER_ROUTE124/water; EM_VICTORY_ROAD_B2F/water
emerald,231,PHANPY,2,2,no,EM_GRANITE_CAVE_B2F/rocks; EM_METEOR_FALLS_1F_2R/land; EM_ROUTE111/rocks; EM_SAFARI_ZONE_NORTH/land
emerald,232,DONPHAN,2,25,no,EM_METEOR_FALLS_B1F_1R/land; EM_SEAFLOOR_CAVERN_ROOM8/land
emerald,233,PORYGON2,2,25,no,EM_ROUTE115/land; EM_SLATEPORT_CITY/land
emerald,234,STANTLER,2,22,no,EM_ALTERING_CAVE/land; EM_SAFARI_ZONE_NORTHEAST/rocks; EM_SAFARI_ZONE_SOUTHEAST/land; EM_VICTORY_ROAD_B1F/rocks
emerald,235,SMEARGLE,2,2,no,EM_ALTERING_CAVE/land; EM_ARTISAN_CAVE_1F/land; EM_ARTISAN_CAVE_B1F/land; EM_SAFARI_ZONE_NORTH/rocks; EM_SAFARI_ZONE_NORTHEAST/rocks
emerald,236,TYROGUE,2,2,no,EM_SAFARI_ZONE_NORTH/rocks; EM_SAFARI_ZONE_NORTHWEST/land; EM_VICTORY_ROAD_B1F/land; EM_VICTORY_ROAD_B1F/rocks
emerald,237,HITMONTOP,2,20,no,EM_ARTISAN_CAVE_1F/land; EM_SAFARI_ZONE_NORTH/rocks; EM_SAFARI_ZONE_SOUTHEAST/land; EM_VICTORY_ROAD_B1F/rocks
emerald,238,SMOOCHUM,2,2,no,EM_ARTISAN_CAVE_1F/land; EM_SHOAL_CAVE_LOW_TIDE_ICE_ROOM/land
emerald,239,ELEKID,2,8,no,EM_ARTISAN_CAVE_1F/land; EM_NEW_MAUVILLE_ENTRANCE/land
emerald,240,MAGBY,2,8,no,EM_MAGMA_HIDEOUT_2F_1R/land; EM_MAGMA_HIDEOUT_4F/land
emerald,241,MILTANK,2,22,no,EM_ARTISAN_CAVE_B1F/land; EM_SAFARI_ZONE_NORTH/rocks; EM_SAFARI_ZONE_NORTHEAST/land; EM_SAFARI_ZONE_NORTHEAST/rocks
emerald,242,BLISSEY,2,40,no,EM_ARTISAN_CAVE_B1F/land; EM_SAFARI_ZONE_NORTHEAST/rocks; EM_VICTORY_ROAD_B1F/land; EM_VICTORY_ROAD_B1F/rocks
emerald,243,RAIKOU,2,50,yes,EM_ARTISAN_CAVE_1F/land; EM_NEW_MAUVILLE_INSIDE/land
emerald,244,ENTEI,2,50,yes,EM_FIERY_PATH/land; EM_SEAFLOOR_CAVERN_ROOM8/land
emerald,245,SUICUNE,2,50,yes,EM_SEAFLOOR_CAVERN_ROOM8/land; EM_SHOAL_CAVE_LOW_TIDE_INNER_ROOM/land; EM_UNDERWATER_ROUTE124/water; EM_UNDERWATER_ROUTE126/water
emerald,246,LARVITAR,2,25,no,EM_METEOR_FALLS_B1F_1R/land; EM_SEAFLOOR_CAVERN_ROOM8/land
emerald,247,PUPITAR,2,30,no,EM_CAVE_OF_ORIGIN_ENTRANCE/land; EM_SEAFLOOR_CAVERN_ROOM2/land
emerald,248,TYRANITAR,2,55,no,EM_ARTISAN_CAVE_B1F/land; EM_METEOR_FALLS_STEVENS_CAVE/land
emerald,249,LUGIA,2,50,yes,EM_ARTISAN_CAVE_1F/land; EM_SKY_PILLAR_5F/land
emerald,250,HO_OH,2,50,yes,EM_FIERY_PATH/land; EM_SEAFLOOR_CAVERN_ROOM8/land
emerald,251,CELEBI,2,50,yes,EM_ROUTE120/land; EM_SAFARI_ZONE_NORTHEAST/land
emerald,252,TREECKO,3,2,no,EM_ROUTE101/land; EM_ROUTE104/land; EM_ROUTE114/rocks
emerald,253,GROVYLE,3,16,no,EM_ARTISAN_CAVE_1F/land; EM_ROUTE114/land; EM_ROUTE114/rocks
emerald,254,SCEPTILE,3,36,no,EM_ARTISAN_CAVE_1F/land; EM_ARTISAN_CAVE_B1F/land
emerald,255,TORCHIC,3,2,no,EM_ARTISAN_CAVE_1F/land; EM_ROUTE101/land
emerald,256,COMBUSKEN,3,16,no,EM_MAGMA_HIDEOUT_1F/land; EM_MAGMA_HIDEOUT_4F/land
emerald,257,BLAZIKEN,3,36,no,EM_ARTISAN_CAVE_1F/land; EM_ARTISAN_CAVE_B1F/land
emerald,258,MUDKIP,3,2,no,EM_ARTISAN_CAVE_B1F/land; EM_ROUTE101/land; EM_ROUTE102/fishing; EM_ROUTE102/water; EM_ROUTE120/fishing; EM_ROUTE120/water
emerald,259,MARSHTOMP,3,16,no,EM_ABANDONED_SHIP_ROOMS_B1F/water; EM_ARTISAN_CAVE_1F/land; EM_ARTISAN_CAVE_B1F/land; EM_ROUTE109/fishing; EM_ROUTE123/water; EM_SEAFLOOR_CAVERN_ROOM7/fishing
emerald,260,SWAMPERT,3,36,no,EM_ARTISAN_CAVE_1F/land; EM_ARTISAN_CAVE_B1F/land; EM_ROUTE104/fishing; EM_ROUTE132/fishing; EM_UNDERWATER_ROUTE124/water; EM_VICTORY_ROAD_B2F/water
emerald,261,POOCHYENA,3,2,no,EM_PETALBURG_WOODS/land; EM_ROUTE101/land; EM_ROUTE102/land; EM_ROUTE103/land; EM_ROUTE104/land; EM_ROUTE110/land; EM_ROUTE116/land; EM_ROUTE117/land; EM_ROUTE120/land; EM_ROUTE121/land; EM_ROUTE123/land
emerald,262,MIGHTYENA,3,18,no,EM_ROUTE120/land; EM_ROUTE121/land; EM_ROUTE123/land
emerald,263,ZIGZAGOON,3,2,no,EM_ROUTE101/land; EM_ROUTE102/land; EM_ROUTE103/land; EM_ROUTE118/land; EM_ROUTE119/land
emerald,264,LINOONE,3,20,no,EM_ROUTE118/land; EM_ROUTE119/land
emerald,265,WURMPLE,3,2,no,EM_PETALBURG_WOODS/land; EM_ROUTE101/land; EM_ROUTE102/land; EM_ROUTE104/land; EM_ROUTE114/rocks
emerald,266,SILCOON,3,7,no,EM_ARTISAN_CAVE_B1F/land; EM_PETALBURG_WOODS/land; EM_ROUTE114/rocks
emerald,267,BEAUTIFLY,3,10,no,EM_ARTISAN_CAVE_1F/land; EM_ROUTE114/land; EM_ROUTE114/rocks
emerald,268,CASCOON,3,7,no,EM_PETALBURG_WOODS/land; EM_ROUTE114/land; EM_ROUTE114/rocks
emerald,269,DUSTOX,3,10,no,EM_ARTISAN_CAVE_B1F/land; EM_ROUTE114/rocks; EM_ROUTE120/land
emerald,270,LOTAD,3,2,no,EM_ROUTE102/land; EM_ROUTE111/fishing; EM_ROUTE111/water; EM_ROUTE114/land; EM_SAFARI_ZONE_SOUTHWEST/fishing; EM_SAFARI_ZONE_SOUTHWEST/water
emerald,271,LOMBRE,3,14,no,EM_ARTISAN_CAVE_B1F/land; EM_ROUTE114/land; EM_ROUTE119/fishing; EM_ROUTE119/water; EM_SOOTOPOLIS_CITY/fishing; EM_SOOTOPOLIS_CITY/water
emerald,272,LUDICOLO,3,40,no,EM_ARTISAN_CAVE_1F/land; EM_ARTISAN_CAVE_B1F/land; EM_ROUTE102/fishing; EM_ROUTE120/fishing; EM_SAFARI_ZONE_NORTHWEST/water
emerald,273,SEEDOT,3,2,no,EM_ROUTE102/land; EM_ROUTE114/rocks; EM_ROUTE117/land; EM_ROUTE120/land
emerald,274,NUZLEAF,3,14,no,EM_ROUTE114/land; EM_ROUTE114/rocks; EM_ROUTE120/land
emerald,275,SHIFTRY,3,40,no,EM_ARTISAN_CAVE_1F/land; EM_ARTISAN_CAVE_B1F/land
emerald,276,TAILLOW,3,2,no,EM_PETALBURG_WOODS/land; EM_ROUTE104/land; EM_ROUTE115/land; EM_ROUTE116/land
emerald,277,SWELLOW,3,22,no,EM_ROUTE115/land; EM_SLATEPORT_CITY/land
emerald,278,WINGULL,3,2,no,EM_DEWFORD_TOWN/water; EM_EVER_GRANDE_CITY/fishing; EM_EVER_GRANDE_CITY/water; EM_LILYCOVE_CITY/water; EM_MOSSDEEP_CITY/water; EM_MT_PYRE_EXTERIOR/land; EM_PACIFIDLOG_TOWN/water; EM_ROUTE103/land; EM_ROUTE103/water; EM_ROUTE104/land; EM_ROUTE104/water; EM_ROUTE105/water; EM_ROUTE106/water; EM_ROUTE107/water; EM_ROUTE108/water; EM_ROUTE109/water; EM_ROUTE110/land; EM_ROUTE110/water; EM_ROUTE115/land; EM_ROUTE115/water; EM_ROUTE118/land; EM_ROUTE118/water; EM_ROUTE119/water; EM_ROUTE121/land; EM_ROUTE121/water; EM_ROUTE122/water; EM_ROUTE123/land; EM_ROUTE123/water; EM_ROUTE124/fishing; EM_ROUTE124/water; EM_ROUTE125/water; EM_ROUTE126/water; EM_ROUTE127/water; EM_ROUTE128/water; EM_ROUTE129/water; EM_ROUTE130/water; EM_ROUTE131/water; EM_ROUTE132/water; EM_ROUTE133/water; EM_ROUTE134/water; EM_SLATEPORT_CITY/water
emerald,279,PELIPPER,3,25,no,EM_ARTISAN_CAVE_1F/land; EM_ARTISAN_CAVE_B1F/land; EM_DEWFORD_TOWN/water; EM_EVER_GRANDE_CITY/water; EM_LILYCOVE_CITY/water; EM_METEOR_FALLS_1F_1R/fishing; EM_MOSSDEEP_CITY/water; EM_PACIFIDLOG_TOWN/water; EM_ROUTE103/water; EM_ROUTE104/water; EM_ROUTE105/water; EM_ROUTE106/water; EM_ROUTE107/water; EM_ROUTE108/water; EM_ROUTE109/water; EM_ROUTE110/water; EM_ROUTE115/water; EM_ROUTE118/water; EM_ROUTE119/water; EM_ROUTE121/water; EM_ROUTE122/water; EM_ROUTE123/water; EM_ROUTE124/water; EM_ROUTE125/water; EM_ROUTE126/fishing; EM_ROUTE126/water; EM_ROUTE127/water; EM_ROUTE128/water; EM_ROUTE129/water; EM_ROUTE130/water; EM_ROUTE131/water; EM_ROUTE132/water; EM_ROUTE133/water; EM_ROUTE134/water; EM_SLATEPORT_CITY/water
emerald,280,RALTS,3,2,no,EM_ROUTE102/land; EM_SAFARI_ZONE_NORTH/rocks; EM_SAFARI_ZONE_NORTHEAST/rocks; EM_VICTORY_ROAD_B1F/land
emerald,281,KIRLIA,3,20,no,EM_ARTISAN_CAVE_1F/land; EM_SAFARI_ZONE_NORTH/rocks; EM_SAFARI_ZONE_NORTHEAST/rocks; EM_SAFARI_ZONE_SOUTHEAST/land
emerald,282,GARDEVOIR,3,30,no,EM_ARTISAN_CAVE_1F/land; EM_SAFARI_ZONE_NORTH/rocks; EM_SAFARI_ZONE_NORTHEAST/rocks; EM_SAFARI_ZONE_NORTHWEST/land
emerald,283,SURSKIT,3,2,no,EM_ARTISAN_CAVE_1F/land; EM_ARTISAN_CAVE_B1F/land; EM_ROUTE117/fishing; EM_ROUTE117/water; EM_SAFARI_ZONE_SOUTHWEST/fishing; EM_SAFARI_ZONE_SOUTHWEST/water
emerald,284,MASQUERAIN,3,22,no,EM_ARTISAN_CAVE_1F/land; EM_ARTISAN_CAVE_B1F/land; EM_PETALBURG_CITY/fishing; EM_PETALBURG_CITY/water; EM_ROUTE119/fishing; EM_ROUTE119/water
emerald,285,SHROOMISH,3,2,no,EM_ARTISAN_CAVE_B1F/land; EM_PETALBURG_WOODS/land; EM_ROUTE114/rocks
emerald,286,BRELOOM,3,23,no,EM_ARTISAN_CAVE_1F/land; EM_RUSTBORO_CITY/land
emerald,287,SLAKOTH,3,2,no,EM_PETALBURG_WOODS/land; EM_SAFARI_ZONE_NORTH/rocks; EM_SAFARI_ZONE_SOUTHWEST/land; EM_VICTORY_ROAD_B1F/rocks
emerald,288,VIGOROTH,3,18,no,EM_SAFARI_ZONE_NORTH/rocks; EM_SAFARI_ZONE_NORTHWEST/land; EM_VICTORY_ROAD_B1F/land; EM_VICTORY_ROAD_B1F/rocks
emerald,289,SLAKING,3,36,no,EM_SAFARI_ZONE_NORTHEAST/land; EM_SAFARI_ZONE_NORTHEAST/rocks; EM_VICTORY_ROAD_B1F/rocks; EM_VICTORY_ROAD_B2F/land
emerald,290,NINCADA,3,2,no,EM_PETALBURG_WOODS/land; EM_ROUTE114/rocks; EM_ROUTE116/land
emerald,291,NINJASK,3,20,no,EM_ARTISAN_CAVE_B1F/land; EM_ROUTE114/rocks; EM_ROUTE120/land
emerald,292,SHEDINJA,3,25,no,EM_ARTISAN_CAVE_1F/land; EM_ROUTE119/land
emerald,293,WHISMUR,3,2,no,EM_DESERT_UNDERPASS/land; EM_GRANITE_CAVE_B2F/rocks; EM_ROUTE111/rocks; EM_ROUTE116/land; EM_RUSTURF_TUNNEL/land; EM_VICTORY_ROAD_1F/land
emerald,294,LOUDRED,3,20,no,EM_DESERT_UNDERPASS/land; EM_GRANITE_CAVE_B2F/rocks; EM_ROUTE111/rocks; EM_VICTORY_ROAD_1F/land
emerald,295,EXPLOUD,3,40,no,EM_METEOR_FALLS_1F_2R/land; EM_METEOR_FALLS_STEVENS_CAVE/land
emerald,296,MAKUHITA,3,2,no,EM_GRANITE_CAVE_1F/land; EM_GRANITE_CAVE_B1F/land; EM_GRANITE_CAVE_B2F/rocks; EM_GRANITE_CAVE_STEVENS_ROOM/land; EM_ROUTE111/rocks; EM_VICTORY_ROAD_1F/land
emerald,297,HARIYAMA,3,24,no,EM_VICTORY_ROAD_1F/land; EM_VICTORY_ROAD_B1F/land
emerald,298,AZURILL,3,2,no,EM_ARTISAN_CAVE_1F/land; EM_ARTISAN_CAVE_B1F/land; EM_ROUTE102/fishing; EM_ROUTE102/water; EM_SAFARI_ZONE_NORTHWEST/fishing; EM_SAFARI_ZONE_NORTHWEST/water
emerald,299,NOSEPASS,3,8,no,EM_ARTISAN_CAVE_B1F/land; EM_GRANITE_CAVE_B2F/rocks; EM_MIRAGE_TOWER_1F/land; EM_ROUTE111/rocks
emerald,300,SKITTY,3,2,no,EM_ROUTE116/land; EM_SAFARI_ZONE_NORTHEAST/rocks; EM_VICTORY_ROAD_1F/land; EM_VICTORY_ROAD_B1F/rocks
emerald,301,DELCATTY,3,25,no,EM_SAFARI_ZONE_NORTHEAST/rocks; EM_SAFARI_ZONE_SOUTH/land; EM_VICTORY_ROAD_B1F/rocks; EM_VICTORY_ROAD_B2F/land
emerald,302,SABLEYE,3,2,no,EM_CAVE_OF_ORIGIN_1F/land; EM_CAVE_OF_ORIGIN_UNUSED_RUBY_SAPPHIRE_MAP1/land; EM_CAVE_OF_ORIGIN_UNUSED_RUBY_SAPPHIRE_MAP2/land; EM_CAVE_OF_ORIGIN_UNUSED_RUBY_SAPPHIRE_MAP3/land; EM_GRANITE_CAVE_B1F/land; EM_GRANITE_CAVE_B2F/land; EM_SKY_PILLAR_1F/land; EM_SKY_PILLAR_3F/land; EM_SKY_PILLAR_5F/land; EM_VICTORY_ROAD_B2F/land
emerald,303,MAWILE,3,8,no,EM_SAFARI_ZONE_NORTHEAST/rocks; EM_VICTORY_ROAD_B1F/land; EM_VICTORY_ROAD_B1F/rocks; EM_VICTORY_ROAD_B2F/land
emerald,304,ARON,3,2,no,EM_GRANITE_CAVE_B1F/land; EM_GRANITE_CAVE_B2F/land; EM_GRANITE_CAVE_B2F/rocks; EM_GRANITE_CAVE_STEVENS_ROOM/land; EM_ROUTE111/rocks; EM_VICTORY_ROAD_1F/land
emerald,305,LAIRON,3,32,no,EM_VICTORY_ROAD_1F/land; EM_VICTORY_ROAD_B1F/land; EM_VICTORY_ROAD_B2F/land
emerald,306,AGGRON,3,42,no,EM_ARTISAN_CAVE_B1F/land; EM_METEOR_FALLS_STEVENS_CAVE/land
emerald,307,MEDITITE,3,2,no,EM_GRANITE_CAVE_B1F/land; EM_GRANITE_CAVE_B2F/rocks; EM_ROUTE111/rocks; EM_SEAFLOOR_CAVERN_ROOM3/land
emerald,308,MEDICHAM,3,37,no,EM_ARTISAN_CAVE_1F/land; EM_METEOR_FALLS_1F_2R/land
emerald,309,ELECTRIKE,3,2,no,EM_ROUTE110/land; EM_ROUTE118/land
emerald,310,MANECTRIC,3,26,no,EM_NEW_MAUVILLE_ENTRANCE/land; EM_ROUTE118/land
emerald,311,PLUSLE,3,15,no,EM_NEW_MAUVILLE_ENTRANCE/land; EM_ROUTE110/land
emerald,312,MINUN,3,15,no,EM_NEW_MAUVILLE_INSIDE/land; EM_ROUTE110/land
emerald,313,VOLBEAT,3,15,no,EM_ROUTE117/land; EM_SAFARI_ZONE_NORTH/rocks; EM_SAFARI_ZONE_NORTHEAST/rocks; EM_VICTORY_ROAD_B1F/land
emerald,314,ILLUMISE,3,15,no,EM_ROUTE117/land; EM_SAFARI_ZONE_NORTH/rocks; EM_VICTORY_ROAD_B1F/rocks; EM_VICTORY_ROAD_B2F/land
emerald,315,ROSELIA,3,25,no,EM_ARTISAN_CAVE_B1F/land; EM_ROUTE120/land
emerald,316,GULPIN,3,2,no,EM_ROUTE110/land; EM_SAFARI_ZONE_NORTH/rocks; EM_SAFARI_ZONE_NORTHEAST/rocks; EM_SAFARI_ZONE_SOUTH/land
emerald,317,SWALOT,3,26,no,EM_SAFARI_ZONE_NORTH/land; EM_SAFARI_ZONE_NORTH/rocks; EM_SAFARI_ZONE_NORTHEAST/rocks; EM_SAFARI_ZONE_SOUTHWEST/land
emerald,318,CARVANHA,3,2,no,EM_METEOR_FALLS_B1F_2R/water; EM_ROUTE118/fishing; EM_ROUTE119/fishing; EM_ROUTE130/water
emerald,319,SHARPEDO,3,30,no,EM_MOSSDEEP_CITY/fishing; EM_MOSSDEEP_CITY/water; EM_PACIFIDLOG_TOWN/fishing; EM_ROUTE103/fishing; EM_ROUTE118/fishing; EM_ROUTE122/fishing; EM_ROUTE124/fishing; EM_ROUTE125/fishing; EM_ROUTE126/fishing; EM_ROUTE127/fishing; EM_ROUTE129/fishing; EM_ROUTE130/fishing; EM_ROUTE131/fishing; EM_ROUTE131/water; EM_ROUTE132/fishing; EM_ROUTE133/fishing; EM_ROUTE134/fishing
emerald,320,WAILMER,3,15,no,EM_DEWFORD_TOWN/fishing; EM_EVER_GRANDE_CITY/fishing; EM_LILYCOVE_CITY/fishing; EM_MOSSDEEP_CITY/fishing; EM_PACIFIDLOG_TOWN/fishing; EM_ROUTE103/fishing; EM_ROUTE105/fishing; EM_ROUTE106/fishing; EM_ROUTE107/fishing; EM_ROUTE108/fishing; EM_ROUTE109/fishing; EM_ROUTE110/fishing; EM_ROUTE114/water; EM_ROUTE115/fishing; EM_ROUTE121/fishing; EM_ROUTE122/fishing; EM_ROUTE123/fishing; EM_ROUTE124/fishing; EM_ROUTE125/fishing; EM_ROUTE126/fishing; EM_ROUTE127/fishing; EM_ROUTE128/fishing; EM_ROUTE129/fishing; EM_ROUTE130/fishing; EM_ROUTE131/fishing; EM_ROUTE132/fishing; EM_ROUTE133/fishing; EM_ROUTE134/fishing; EM_SEAFLOOR_CAVERN_ENTRANCE/fishing; EM_SEAFLOOR_CAVERN_ROOM6/fishing; EM_SEAFLOOR_CAVERN_ROOM7/fishing; EM_SHOAL_CAVE_LOW_TIDE_ENTRANCE_ROOM/fishing; EM_SHOAL_CAVE_LOW_TIDE_INNER_ROOM/fishing; EM_SLATEPORT_CITY/fishing; EM_SLATEPORT_CITY/water
emerald,321,WAILORD,3,40,no,EM_ROUTE105/fishing; EM_ROUTE129/water; EM_ROUTE133/fishing; EM_VICTORY_ROAD_B2F/water
emerald,322,NUMEL,3,2,no,EM_FIERY_PATH/land; EM_JAGGED_PASS/land; EM_ROUTE112/land; EM_SAFARI_ZONE_NORTH/rocks; EM_SAFARI_ZONE_NORTHEAST/rocks
emerald,323,CAMERUPT,3,33,no,EM_SAFARI_ZONE_NORTHEAST/rocks; EM_SAFARI_ZONE_SOUTHEAST/land; EM_VICTORY_ROAD_B1F/rocks; EM_VICTORY_ROAD_B2F/land
emerald,324,TORKOAL,3,22,no,EM_FIERY_PATH/land; EM_MAGMA_HIDEOUT_1F/land; EM_MAGMA_HIDEOUT_2F_1R/land; EM_MAGMA_HIDEOUT_2F_2R/land; EM_MAGMA_HIDEOUT_2F_3R/land; EM_MAGMA_HIDEOUT_3F_1R/land; EM_MAGMA_HIDEOUT_3F_2R/land; EM_MAGMA_HIDEOUT_3F_3R/land; EM_MAGMA_HIDEOUT_4F/land
emerald,325,SPOINK,3,2,no,EM_JAGGED_PASS/land; EM_SAFARI_ZONE_NORTH/rocks; EM_SAFARI_ZONE_NORTHEAST/rocks; EM_SAFARI_ZONE_NORTHWEST/land
emerald,326,GRUMPIG,3,32,no,EM_ARTISAN_CAVE_B1F/land; EM_SAFARI_ZONE_NORTHEAST/rocks; EM_VICTORY_ROAD_B1F/land; EM_VICTORY_ROAD_B1F/rocks
emerald,327,SPINDA,3,8,no,EM_ARTISAN_CAVE_1F/land; EM_ROUTE113/land; EM_SAFARI_ZONE_NORTHEAST/rocks; EM_VICTORY_ROAD_B1F/rocks
emerald,328,TRAPINCH,3,2,no,EM_GRANITE_CAVE_B2F/rocks; EM_MIRAGE_TOWER_1F/land; EM_MIRAGE_TOWER_2F/land; EM_MIRAGE_TOWER_3F/land; EM_MIRAGE_TOWER_4F/land; EM_ROUTE111/land; EM_ROUTE111/rocks
emerald,329,VIBRAVA,3,35,no,EM_DESERT_UNDERPASS/land; EM_SEAFLOOR_CAVERN_ROOM6/land
emerald,330,FLYGON,3,45,no,EM_ARTISAN_CAVE_B1F/land; EM_METEOR_FALLS_STEVENS_CAVE/land
emerald,331,CACNEA,3,2,no,EM_ROUTE111/land; EM_SAFARI_ZONE_NORTH/land; EM_SAFARI_ZONE_NORTH/rocks; EM_SAFARI_ZONE_NORTHEAST/rocks
emerald,332,CACTURNE,3,32,no,EM_SAFARI_ZONE_NORTHEAST/land; EM_SAFARI_ZONE_NORTHEAST/rocks; EM_VICTORY_ROAD_B1F/land; EM_VICTORY_ROAD_B1F/rocks
emerald,333,SWABLU,3,2,no,EM_ROUTE114/land; EM_ROUTE115/land; EM_SAFARI_ZONE_NORTHEAST/rocks; EM_VICTORY_ROAD_B1F/rocks
emerald,334,ALTARIA,3,35,no,EM_ARTISAN_CAVE_B1F/land; EM_SAFARI_ZONE_NORTHEAST/rocks; EM_SKY_PILLAR_5F/land; EM_VICTORY_ROAD_B1F/rocks
emerald,335,ZANGOOSE,3,22,no,EM_SAFARI_ZONE_NORTH/rocks; EM_SAFARI_ZONE_NORTHWEST/land; EM_VICTORY_ROAD_B1F/land; EM_VICTORY_ROAD_B1F/rocks
emerald,336,SEVIPER,3,22,no,EM_FORTREE_CITY/land; EM_MAUVILLE_CITY/land; EM_ROUTE114/land; EM_RUSTBORO_CITY/land; EM_SAFARI_ZONE_NORTHEAST/rocks; EM_SLATEPORT_CITY/land; EM_VICTORY_ROAD_B1F/rocks
emerald,337,LUNATONE,3,2,no,EM_DESERT_UNDERPASS/land; EM_GRANITE_CAVE_B2F/rocks; EM_ROUTE111/rocks; EM_SEAFLOOR_CAVERN_ROOM1/land
emerald,338,SOLROCK,3,2,no,EM_GRANITE_CAVE_B2F/rocks; EM_METEOR_FALLS_1F_1R/land; EM_METEOR_FALLS_1F_1R/water; EM_METEOR_FALLS_1F_2R/land; EM_METEOR_FALLS_1F_2R/water; EM_METEOR_FALLS_B1F_1R/land; EM_METEOR_FALLS_B1F_1R/water; EM_METEOR_FALLS_B1F_2R/land; EM_METEOR_FALLS_B1F_2R/water; EM_METEOR_FALLS_STEVENS_CAVE/land; EM_ROUTE111/rocks
emerald,339,BARBOACH,3,2,no,EM_METEOR_FALLS_1F_1R/fishing; EM_METEOR_FALLS_1F_2R/fishing; EM_METEOR_FALLS_B1F_1R/fishing; EM_METEOR_FALLS_B1F_2R/fishing; EM_ROUTE102/water; EM_ROUTE111/fishing; EM_ROUTE114/fishing; EM_ROUTE120/fishing; EM_ROUTE120/water; EM_VICTORY_ROAD_B2F/fishing
emerald,340,WHISCASH,3,30,no,EM_METEOR_FALLS_1F_2R/fishing; EM_METEOR_FALLS_B1F_1R/fishing; EM_METEOR_FALLS_B1F_2R/fishing; EM_ROUTE111/water; EM_SAFARI_ZONE_SOUTHWEST/water; EM_VICTORY_ROAD_B2F/fishing
emerald,341,CORPHISH,3,2,no,EM_ARTISAN_CAVE_1F/land; EM_ARTISAN_CAVE_B1F/land; EM_METEOR_FALLS_B1F_2R/water; EM_PETALBURG_CITY/fishing; EM_ROUTE102/fishing; EM_ROUTE117/fishing; EM_ROUTE130/water
emerald,342,CRAWDAUNT,3,30,no,EM_ARTISAN_CAVE_1F/land; EM_ARTISAN_CAVE_B1F/land; EM_MOSSDEEP_CITY/water; EM_ROUTE115/fishing; EM_ROUTE131/water; EM_SLATEPORT_CITY/fishing
emerald,343,BALTOY,3,2,no,EM_GRANITE_CAVE_B2F/rocks; EM_METEOR_FALLS_1F_2R/land; EM_ROUTE111/land; EM_ROUTE111/rocks
emerald,344,CLAYDOL,3,36,no,EM_SKY_PILLAR_1F/land; EM_SKY_PILLAR_3F/land; EM_SKY_PILLAR_5F/land
emerald,345,LILEEP,3,2,no,EM_ALTERING_CAVE/land; EM_GRANITE_CAVE_B2F/rocks; EM_METEOR_FALLS_B1F_2R/land; EM_ROUTE111/rocks
emerald,346,CRADILY,3,40,no,EM_DESERT_UNDERPASS/land; EM_METEOR_FALLS_B1F_2R/land
emerald,347,ANORITH,3,2,no,EM_ARTISAN_CAVE_B1F/land; EM_GRANITE_CAVE_B2F/rocks; EM_MIRAGE_TOWER_1F/land; EM_ROUTE111/rocks
emerald,348,ARMALDO,3,40,no,EM_ARTISAN_CAVE_B1F/land; EM_METEOR_FALLS_B1F_1R/land
emerald,349,FEEBAS,3,2,no,EM_PETALBURG_CITY/fishing; EM_PETALBURG_CITY/water; EM_ROUTE119/fishing; EM_ROUTE119/water
emerald,350,MILOTIC,3,25,no,EM_FORTREE_CITY/land; EM_MAUVILLE_CITY/land; EM_ROUTE102/fishing; EM_ROUTE102/water; EM_RUSTBORO_CITY/land; EM_SAFARI_ZONE_NORTHWEST/fishing; EM_SAFARI_ZONE_NORTHWEST/water; EM_SLATEPORT_CITY/land
emerald,351,CASTFORM,3,2,no,EM_ROUTE101/land; EM_ROUTE130/land
emerald,352,KECLEON,3,15,no,EM_ROUTE118/land; EM_ROUTE119/land; EM_ROUTE120/land; EM_ROUTE121/land; EM_ROUTE123/land; EM_SAFARI_ZONE_NORTH/rocks; EM_SAFARI_ZONE_NORTHEAST/rocks
emerald,353,SHUPPET,3,2,no,EM_MT_PYRE_1F/land; EM_MT_PYRE_2F/land; EM_MT_PYRE_3F/land; EM_MT_PYRE_4F/land; EM_MT_PYRE_5F/land; EM_MT_PYRE_6F/land; EM_MT_PYRE_EXTERIOR/land; EM_MT_PYRE_SUMMIT/land; EM_ROUTE121/land; EM_ROUTE123/land
emerald,354,BANETTE,3,37,no,EM_SKY_PILLAR_1F/land; EM_SKY_PILLAR_3F/land; EM_SKY_PILLAR_5F/land
emerald,355,DUSKULL,3,2,no,EM_MT_PYRE_4F/land; EM_MT_PYRE_5F/land; EM_MT_PYRE_6F/land; EM_MT_PYRE_SUMMIT/land
emerald,356,DUSCLOPS,3,37,no,EM_SKY_PILLAR_3F/land; EM_SLATEPORT_CITY/land
emerald,357,TROPIUS,3,22,no,EM_ROUTE119/land; EM_SAFARI_ZONE_NORTHEAST/rocks; EM_SAFARI_ZONE_NORTHWEST/land; EM_VICTORY_ROAD_B1F/rocks
emerald,358,CHIMECHO,3,25,no,EM_MT_PYRE_SUMMIT/land; EM_SAFARI_ZONE_NORTHEAST/rocks; EM_SAFARI_ZONE_SOUTHEAST/land; EM_VICTORY_ROAD_B1F/rocks
emerald,359,ABSOL,3,22,no,EM_ROUTE120/land; EM_SAFARI_ZONE_NORTH/rocks; EM_SAFARI_ZONE_SOUTH/land; EM_VICTORY_ROAD_B1F/rocks
emerald,360,WYNAUT,3,2,no,EM_ROUTE130/land; EM_SAFARI_ZONE_NORTHEAST/rocks; EM_SAFARI_ZONE_SOUTH/land; EM_VICTORY_ROAD_B1F/rocks
emerald,361,SNORUNT,3,2,no,EM_ARTISAN_CAVE_B1F/land; EM_SHOAL_CAVE_LOW_TIDE_ICE_ROOM/land
emerald,362,GLALIE,3,42,no,EM_ARTISAN_CAVE_1F/land; EM_ARTISAN_CAVE_B1F/land
emerald,363,SPHEAL,3,2,no,EM_SHOAL_CAVE_LOW_TIDE_ENTRANCE_ROOM/land; EM_SHOAL_CAVE_LOW_TIDE_ENTRANCE_ROOM/water; EM_SHOAL_CAVE_LOW_TIDE_ICE_ROOM/land; EM_SHOAL_CAVE_LOW_TIDE_INNER_ROOM/land; EM_SHOAL_CAVE_LOW_TIDE_INNER_ROOM/water; EM_SHOAL_CAVE_LOW_TIDE_LOWER_ROOM/land; EM_SHOAL_CAVE_LOW_TIDE_STAIRS_ROOM/land
emerald,364,SEALEO,3,32,no,EM_ARTISAN_CAVE_1F/land; EM_SHOAL_CAVE_LOW_TIDE_ICE_ROOM/land
emerald,365,WALREIN,3,44,no,EM_ARTISAN_CAVE_1F/land; EM_ARTISAN_CAVE_B1F/land
emerald,366,CLAMPERL,3,2,no,EM_EVER_GRANDE_CITY/fishing; EM_ROUTE124/fishing; EM_UNDERWATER_ROUTE124/water; EM_UNDERWATER_ROUTE126/water
emerald,367,HUNTAIL,3,25,no,EM_METEOR_FALLS_1F_1R/fishing; EM_ROUTE115/water; EM_ROUTE126/fishing; EM_UNDERWATER_ROUTE124/water
emerald,368,GOREBYSS,3,25,no,EM_ABANDONED_SHIP_HIDDEN_FLOOR_CORRIDORS/fishing; EM_ROUTE106/water; EM_ROUTE121/fishing; EM_SEAFLOOR_CAVERN_ENTRANCE/water
emerald,369,RELICANTH,3,22,no,EM_PACIFIDLOG_TOWN/fishing; EM_ROUTE131/fishing; EM_UNDERWATER_ROUTE124/water; EM_UNDERWATER_ROUTE126/water
emerald,370,LUVDISC,3,2,no,EM_EVER_GRANDE_CITY/fishing; EM_ROUTE110/water; EM_ROUTE128/fishing; EM_SHOAL_CAVE_LOW_TIDE_INNER_ROOM/water
emerald,371,BAGON,3,25,no,EM_ARTISAN_CAVE_1F/land; EM_METEOR_FALLS_B1F_2R/land; EM_SAFARI_ZONE_NORTH/rocks; EM_VICTORY_ROAD_B1F/rocks
emerald,372,SHELGON,3,30,no,EM_SAFARI_ZONE_NORTH/land; EM_SAFARI_ZONE_NORTH/rocks; EM_VICTORY_ROAD_1F/land; EM_VICTORY_ROAD_B1F/rocks
emerald,373,SALAMENCE,3,50,no,EM_VICTORY_ROAD_1F/land; EM_VICTORY_ROAD_B2F/land
emerald,374,BELDUM,3,25,no,EM_ARTISAN_CAVE_B1F/land; EM_SAFARI_ZONE_NORTH/rocks; EM_SAFARI_ZONE_SOUTHWEST/land; EM_VICTORY_ROAD_B1F/rocks
emerald,375,METANG,3,20,no,EM_SAFARI_ZONE_NORTH/rocks; EM_SAFARI_ZONE_NORTHEAST/land; EM_VICTORY_ROAD_B1F/land; EM_VICTORY_ROAD_B1F/rocks
emerald,376,METAGROSS,3,45,no,EM_ARTISAN_CAVE_1F/land; EM_VICTORY_ROAD_B1F/land
emerald,377,REGIROCK,3,50,yes,EM_METEOR_FALLS_STEVENS_CAVE/land; EM_SKY_PILLAR_5F/land
emerald,378,REGICE,3,50,yes,EM_ARTISAN_CAVE_B1F/land; EM_SHOAL_CAVE_LOW_TIDE_ICE_ROOM/land
emerald,379,REGISTEEL,3,50,yes,EM_METEOR_FALLS_STEVENS_CAVE/land; EM_SKY_PILLAR_5F/land
emerald,380,LATIAS,3,50,yes,EM_METEOR_FALLS_STEVENS_CAVE/land; EM_SKY_PILLAR_5F/land
emerald,381,LATIOS,3,50,yes,EM_METEOR_FALLS_STEVENS_CAVE/land; EM_SKY_PILLAR_5F/land
emerald,382,KYOGRE,3,50,yes,EM_UNDERWATER_ROUTE124/water; EM_UNDERWATER_ROUTE126/water
emerald,383,GROUDON,3,50,yes,EM_METEOR_FALLS_STEVENS_CAVE/land; EM_SKY_PILLAR_5F/land
emerald,384,RAYQUAZA,3,50,yes,EM_METEOR_FALLS_STEVENS_CAVE/land; EM_SKY_PILLAR_5F/land
emerald,385,JIRACHI,3,50,yes,EM_METEOR_FALLS_STEVENS_CAVE/land; EM_SKY_PILLAR_5F/land
emerald,386,DEOXYS,3,50,yes,EM_ARTISAN_CAVE_B1F/land; EM_SKY_PILLAR_3F/land
emerald,482,AZELF,4,50,yes,EM_ARTISAN_CAVE_B1F/land; EM_SKY_PILLAR_3F/land
emerald,484,PALKIA,4,50,yes,EM_SEAFLOOR_CAVERN_ROOM8/land; EM_SHOAL_CAVE_LOW_TIDE_INNER_ROOM/land; EM_UNDERWATER_ROUTE124/water; EM_UNDERWATER_ROUTE126/water
emerald,486,REGIGIGAS,4,50,yes,EM_ARTISAN_CAVE_1F/land; EM_SKY_PILLAR_5F/land
emerald,488,CRESSELIA,4,50,yes,EM_ARTISAN_CAVE_B1F/land; EM_SKY_PILLAR_3F/land
emerald,490,MANAPHY,4,50,yes,EM_UNDERWATER_ROUTE124/water; EM_UNDERWATER_ROUTE126/water
emerald,492,SHAYMIN,4,50,yes,EM_ROUTE120/land; EM_SAFARI_ZONE_NORTHEAST/land
emerald,494,VICTINI,5,50,yes,EM_FIERY_PATH/land; EM_SEAFLOOR_CAVERN_ROOM8/land
emerald,496,SERVINE,5,17,no,EM_ARTISAN_CAVE_B1F/land; EM_ROUTE114/rocks; EM_ROUTE119/land
emerald,498,TEPIG,5,2,no,EM_JAGGED_PASS/land; EM_MAGMA_HIDEOUT_3F_3R/land
emerald,500,EMBOAR,5,36,no,EM_ARTISAN_CAVE_1F/land; EM_ARTISAN_CAVE_B1F/land
emerald,502,DEWOTT,5,17,no,EM_ARTISAN_CAVE_1F/land; EM_ARTISAN_CAVE_B1F/land; EM_ROUTE104/fishing; EM_ROUTE107/water; EM_ROUTE133/fishing; EM_SEAFLOOR_CAVERN_ROOM6/water
emerald,504,PATRAT,5,2,no,EM_ROUTE102/land; EM_SLATEPORT_CITY/land
emerald,506,LILLIPUP,5,2,no,EM_ROUTE116/land; EM_RUSTBORO_CITY/land
emerald,508,STOUTLAND,5,32,no,EM_ARTISAN_CAVE_B1F/land; EM_SLATEPORT_CITY/land
emerald,510,LIEPARD,5,20,no,EM_ARTISAN_CAVE_1F/land; EM_MT_PYRE_5F/land
emerald,512,SIMISAGE,5,25,no,EM_ARTISAN_CAVE_1F/land; EM_SAFARI_ZONE_NORTH/rocks; EM_SAFARI_ZONE_NORTHEAST/rocks; EM_SAFARI_ZONE_SOUTHEAST/land
emerald,514,SIMISEAR,5,25,no,EM_ARTISAN_CAVE_B1F/land; EM_SAFARI_ZONE_NORTHEAST/rocks; EM_SAFARI_ZONE_SOUTHWEST/land; EM_VICTORY_ROAD_B1F/rocks
emerald,516,SIMIPOUR,5,25,no,EM_SAFARI_ZONE_NORTH/land; EM_SAFARI_ZONE_NORTH/rocks; EM_VICTORY_ROAD_1F/land; EM_VICTORY_ROAD_B1F/rocks
emerald,518,MUSHARNA,5,25,no,EM_SAFARI_ZONE_NORTH/rocks; EM_SAFARI_ZONE_NORTHEAST/land; EM_SAFARI_ZONE_NORTHEAST/rocks; EM_VICTORY_ROAD_B1F/land
emerald,520,TRANQUILL,5,21,no,EM_ROUTE115/land; EM_SOOTOPOLIS_CITY/land
emerald,522,BLITZLE,5,2,no,EM_ARTISAN_CAVE_B1F/land; EM_NEW_MAUVILLE_INSIDE/land
emerald,524,ROGGENROLA,5,2,no,EM_CAVE_OF_ORIGIN_1F/land; EM_GRANITE_CAVE_B2F/rocks; EM_MIRAGE_TOWER_2F/land; EM_ROUTE111/rocks
emerald,526,GIGALITH,5,40,no,EM_METEOR_FALLS_1F_2R/land; EM_METEOR_FALLS_STEVENS_CAVE/land
emerald,528,SWOOBAT,5,25,no,EM_ARTISAN_CAVE_B1F/land; EM_METEOR_FALLS_STEVENS_CAVE/land
emerald,530,EXCADRILL,5,31,no,EM_CAVE_OF_ORIGIN_UNUSED_RUBY_SAPPHIRE_MAP1/land; EM_SEAFLOOR_CAVERN_ROOM3/land
emerald,532,TIMBURR,5,2,no,EM_GRANITE_CAVE_B2F/land; EM_GRANITE_CAVE_B2F/rocks; EM_ROUTE111/rocks; EM_SEAFLOOR_CAVERN_ROOM4/land
emerald,534,CONKELDURR,5,40,no,EM_DESERT_UNDERPASS/land; EM_METEOR_FALLS_STEVENS_CAVE/land
emerald,536,PALPITOAD,5,25,no,EM_ARTISAN_CAVE_1F/land; EM_ARTISAN_CAVE_B1F/land; EM_PETALBURG_CITY/fishing; EM_PETALBURG_CITY/water; EM_ROUTE119/fishing; EM_ROUTE119/water
emerald,538,THROH,5,22,no,EM_ARTISAN_CAVE_B1F/land; EM_SAFARI_ZONE_NORTH/rocks; EM_SAFARI_ZONE_NORTHEAST/rocks; EM_SAFARI_ZONE_SOUTHEAST/land
emerald,540,SEWADDLE,5,2,no,EM_ROUTE104/land; EM_ROUTE114/rocks; EM_ROUTE120/land
emerald,542,LEAVANNY,5,40,no,EM_ARTISAN_CAVE_1F/land; EM_ARTISAN_CAVE_B1F/land
emerald,544,WHIRLIPEDE,5,22,no,EM_ARTISAN_CAVE_1F/land; EM_ROUTE119/land
emerald,546,COTTONEE,5,2,no,EM_ARTISAN_CAVE_1F/land; EM_ROUTE104/land; EM_ROUTE114/rocks
emerald,548,PETILIL,5,2,no,EM_PETALBURG_WOODS/land; EM_ROUTE114/rocks; EM_ROUTE120/land
emerald,550,BASCULIN,5,22,no,EM_ROUTE102/fishing; EM_ROUTE102/water; EM_SAFARI_ZONE_NORTHWEST/fishing; EM_SAFARI_ZONE_NORTHWEST/water
emerald,552,KROKOROK,5,29,no,EM_ALTERING_CAVE/land; EM_METEOR_FALLS_B1F_2R/land
emerald,554,DARUMAKA,5,2,no,EM_ARTISAN_CAVE_1F/land; EM_MAGMA_HIDEOUT_2F_2R/land
emerald,556,MARACTUS,5,22,no,EM_SAFARI_ZONE_NORTH/rocks; EM_SAFARI_ZONE_NORTHEAST/rocks; EM_SAFARI_ZONE_NORTHWEST/land; EM_VICTORY_ROAD_B2F/land
emerald,558,CRUSTLE,5,34,no,EM_ARTISAN_CAVE_1F/land; EM_METEOR_FALLS_B1F_2R/land
emerald,560,SCRAFTY,5,39,no,EM_ARTISAN_CAVE_1F/land; EM_SAFARI_ZONE_NORTHEAST/rocks; EM_SAFARI_ZONE_SOUTHEAST/land; EM_VICTORY_ROAD_B1F/rocks
emerald,562,YAMASK,5,2,no,EM_MT_PYRE_5F/land; EM_SKY_PILLAR_5F/land
emerald,564,TIRTOUGA,5,2,no,EM_ARTISAN_CAVE_1F/land; EM_ARTISAN_CAVE_B1F/land; EM_ROUTE102/fishing; EM_ROUTE102/water; EM_ROUTE120/fishing; EM_ROUTE120/water
emerald,566,ARCHEN,5,2,no,EM_GRANITE_CAVE_B2F/rocks; EM_METEOR_FALLS_1F_1R/land; EM_ROUTE111/rocks; EM_SEAFLOOR_CAVERN_ROOM6/land
emerald,568,TRUBBISH,5,2,no,EM_ROUTE104/land; EM_ROUTE114/rocks; EM_ROUTE120/land
emerald,570,ZORUA,5,2,no,EM_MT_PYRE_4F/land; EM_SKY_PILLAR_5F/land
emerald,572,MINCCINO,5,2,no,EM_ARTISAN_CAVE_B1F/land; EM_SAFARI_ZONE_NORTH/rocks; EM_SAFARI_ZONE_SOUTHWEST/land; EM_VICTORY_ROAD_B1F/rocks
emerald,574,GOTHITA,5,2,no,EM_SAFARI_ZONE_NORTH/land; EM_SAFARI_ZONE_NORTH/rocks; EM_SAFARI_ZONE_NORTHEAST/rocks; EM_VICTORY_ROAD_1F/land
emerald,576,GOTHITELLE,5,41,no,EM_ARTISAN_CAVE_1F/land; EM_VICTORY_ROAD_B1F/land
emerald,578,DUOSION,5,32,no,EM_ARTISAN_CAVE_B1F/land; EM_SAFARI_ZONE_NORTHEAST/rocks; EM_VICTORY_ROAD_B1F/land; EM_VICTORY_ROAD_B1F/rocks
emerald,580,DUCKLETT,5,2,no,EM_ARTISAN_CAVE_1F/land; EM_ARTISAN_CAVE_B1F/land; EM_ROUTE117/fishing; EM_ROUTE117/water; EM_SAFARI_ZONE_SOUTHWEST/fishing; EM_SAFARI_ZONE_SOUTHWEST/water
emerald,582,VANILLITE,5,2,no,EM_SHOAL_CAVE_LOW_TIDE_ICE_ROOM/land; EM_SHOAL_CAVE_LOW_TIDE_STAIRS_ROOM/land
emerald,584,VANILLUXE,5,47,no,EM_ARTISAN_CAVE_1F/land; EM_ARTISAN_CAVE_B1F/land
emerald,586,SAWSBUCK,5,34,no,EM_ARTISAN_CAVE_B1F/land; EM_SAFARI_ZONE_NORTHEAST/rocks; EM_VICTORY_ROAD_1F/land; EM_VICTORY_ROAD_B1F/rocks
emerald,588,KARRABLAST,5,2,no,EM_SAFARI_ZONE_NORTHEAST/rocks; EM_SAFARI_ZONE_NORTHWEST/land; EM_VICTORY_ROAD_B1F/land; EM_VICTORY_ROAD_B1F/rocks
emerald,590,FOONGUS,5,2,no,EM_PETALBURG_WOODS/land; EM_ROUTE114/rocks; EM_ROUTE120/land
emerald,592,FRILLISH,5,2,no,EM_ARTISAN_CAVE_1F/land; EM_ARTISAN_CAVE_B1F/land; EM_ROUTE109/fishing; EM_ROUTE115/water; EM_SEAFLOOR_CAVERN_ROOM7/fishing; EM_UNDERWATER_ROUTE124/water
emerald,594,ALOMOMOLA,5,22,no,EM_METEOR_FALLS_B1F_1R/fishing; EM_METEOR_FALLS_B1F_2R/water; EM_ROUTE128/fishing; EM_ROUTE130/water
emerald,596,GALVANTULA,5,36,no,EM_ARTISAN_CAVE_1F/land; EM_ARTISAN_CAVE_B1F/land
emerald,598,FERROTHORN,5,40,no,EM_DESERT_UNDERPASS/land; EM_METEOR_FALLS_B1F_2R/land
emerald,600,KLANG,5,38,no,EM_ARTISAN_CAVE_B1F/land; EM_METEOR_FALLS_B1F_1R/land
emerald,602,TYNAMO,5,2,no,EM_ROUTE117/fishing; EM_ROUTE117/water; EM_SOOTOPOLIS_CITY/fishing; EM_SOOTOPOLIS_CITY/water
emerald,603,EELEKTRIK,5,39,no,EM_PETALBURG_CITY/fishing; EM_ROUTE120/fishing; EM_SAFARI_ZONE_NORTHWEST/water
emerald,604,EELEKTROSS,5,40,no,EM_ROUTE111/fishing; EM_SAFARI_ZONE_NORTHWEST/fishing; EM_SAFARI_ZONE_NORTHWEST/water
emerald,608,LAMPENT,5,41,no,EM_ARTISAN_CAVE_1F/land; EM_ARTISAN_CAVE_B1F/land
emerald,610,AXEW,5,25,no,EM_SAFARI_ZONE_NORTH/rocks; EM_SAFARI_ZONE_NORTHEAST/rocks; EM_SAFARI_ZONE_NORTHWEST/land; EM_VICTORY_ROAD_B1F/land
emerald,612,HAXORUS,5,48,no,EM_ARTISAN_CAVE_1F/land; EM_VICTORY_ROAD_1F/land
emerald,614,BEARTIC,5,37,no,EM_ARTISAN_CAVE_1F/land; EM_ARTISAN_CAVE_B1F/land
emerald,616,SHELMET,5,2,no,EM_ARTISAN_CAVE_B1F/land; EM_SAFARI_ZONE_NORTH/rocks; EM_SAFARI_ZONE_NORTHEAST/rocks; EM_SAFARI_ZONE_SOUTHWEST/land
emerald,618,STUNFISK,5,22,no,EM_ARTISAN_CAVE_1F/land; EM_ARTISAN_CAVE_B1F/land; EM_ROUTE102/fishing; EM_ROUTE102/water; EM_ROUTE120/fishing; EM_ROUTE120/water
emerald,620,MIENSHAO,5,50,no,EM_ARTISAN_CAVE_B1F/land; EM_VICTORY_ROAD_B2F/land
emerald,622,GOLETT,5,2,no,EM_MT_PYRE_4F/land; EM_SKY_PILLAR_5F/land
emerald,624,PAWNIARD,5,2,no,EM_ARTISAN_CAVE_1F/land; EM_MT_PYRE_6F/land
emerald,626,BOUFFALANT,5,22,no,EM_ARTISAN_CAVE_B1F/land; EM_SAFARI_ZONE_NORTH/rocks; EM_SAFARI_ZONE_SOUTHEAST/land; EM_VICTORY_ROAD_B1F/rocks
emerald,628,BRAVIARY,5,54,no,EM_ARTISAN_CAVE_1F/land; EM_VICTORY_ROAD_1F/land
emerald,630,MANDIBUZZ,5,54,no,EM_ARTISAN_CAVE_B1F/land; EM_VICTORY_ROAD_B2F/land
emerald,632,DURANT,5,22,no,EM_SAFARI_ZONE_NORTH/rocks; EM_SAFARI_ZONE_NORTHWEST/land; EM_VICTORY_ROAD_B1F/land; EM_VICTORY_ROAD_B1F/rocks
emerald,634,ZWEILOUS,5,50,no,EM_ARTISAN_CAVE_1F/land; EM_DESERT_UNDERPASS/land
emerald,636,LARVESTA,5,2,no,EM_JAGGED_PASS/land; EM_MAGMA_HIDEOUT_3F_2R/land
emerald,637,VOLCARONA,5,59,no,EM_ARTISAN_CAVE_1F/land; EM_ARTISAN_CAVE_B1F/land
emerald,640,VIRIZION,5,50,yes,EM_ROUTE120/land; EM_SAFARI_ZONE_NORTHEAST/land
emerald,642,THUNDURUS,5,50,yes,EM_ARTISAN_CAVE_1F/land; EM_NEW_MAUVILLE_INSIDE/land
emerald,644,ZEKROM,5,50,yes,EM_ARTISAN_CAVE_1F/land; EM_NEW_MAUVILLE_INSIDE/land
emerald,646,KYUREM,5,50,yes,EM_ARTISAN_CAVE_B1F/land; EM_SHOAL_CAVE_LOW_TIDE_ICE_ROOM/land
emerald,648,MELOETTA,5,50,yes,EM_ARTISAN_CAVE_1F/land; EM_SKY_PILLAR_5F/land
emerald,650,CHESPIN,6,2,no,EM_ARTISAN_CAVE_1F/land; EM_ROUTE114/land; EM_ROUTE114/rocks
emerald,652,CHESNAUGHT,6,36,no,EM_ARTISAN_CAVE_1F/land; EM_ARTISAN_CAVE_B1F/land
emerald,654,BRAIXEN,6,16,no,EM_MAGMA_HIDEOUT_1F/land; EM_MAGMA_HIDEOUT_3F_3R/land
emerald,656,FROAKIE,6,2,no,EM_ARTISAN_CAVE_1F/land; EM_ARTISAN_CAVE_B1F/land; EM_ROUTE117/fishing; EM_ROUTE117/water; EM_SOOTOPOLIS_CITY/fishing; EM_SOOTOPOLIS_CITY/water
emerald,658,GRENINJA,6,36,no,EM_ARTISAN_CAVE_1F/land; EM_ARTISAN_CAVE_B1F/land; EM_ROUTE111/fishing; EM_SAFARI_ZONE_NORTHWEST/fishing; EM_SAFARI_ZONE_NORTHWEST/water
emerald,660,DIGGERSBY,6,20,no,EM_ARTISAN_CAVE_B1F/land; EM_GRANITE_CAVE_B2F/rocks; EM_MIRAGE_TOWER_2F/land; EM_ROUTE111/rocks
emerald,662,FLETCHINDER,6,17,no,EM_ROUTE115/land; EM_SLATEPORT_CITY/land
emerald,664,SCATTERBUG,6,2,no,EM_ARTISAN_CAVE_1F/land; EM_ROUTE114/land; EM_ROUTE114/rocks
emerald,666,VIVILLON,6,12,no,EM_ARTISAN_CAVE_1F/land; EM_ROUTE114/rocks; EM_ROUTE119/land
emerald,668,PYROAR,6,35,no,EM_ARTISAN_CAVE_1F/land; EM_ARTISAN_CAVE_B1F/land
emerald,670,FLOETTE,6,19,no,EM_ARTISAN_CAVE_1F/land; EM_ROUTE114/rocks; EM_ROUTE119/land
emerald,672,SKIDDO,6,8,no,EM_SAFARI_ZONE_NORTH/land; EM_SAFARI_ZONE_NORTHEAST/rocks; EM_SAFARI_ZONE_SOUTHWEST/land; EM_VICTORY_ROAD_B1F/rocks
emerald,674,PANCHAM,6,2,no,EM_GRANITE_CAVE_1F/land; EM_GRANITE_CAVE_B2F/rocks; EM_ROUTE111/rocks; EM_SEAFLOOR_CAVERN_ROOM2/land
emerald,676,FURFROU,6,22,no,EM_SAFARI_ZONE_NORTH/rocks; EM_SAFARI_ZONE_NORTHEAST/rocks; EM_SAFARI_ZONE_NORTHWEST/land; EM_VICTORY_ROAD_B1F/land
emerald,678,MEOWSTIC,6,25,no,EM_ARTISAN_CAVE_B1F/land; EM_SAFARI_ZONE_NORTH/rocks; EM_SAFARI_ZONE_SOUTHEAST/land; EM_VICTORY_ROAD_B1F/rocks
emerald,680,DOUBLADE,6,35,no,EM_ARTISAN_CAVE_B1F/land; EM_SKY_PILLAR_5F/land
emerald,682,SPRITZEE,6,2,no,EM_ARTISAN_CAVE_B1F/land; EM_SAFARI_ZONE_NORTH/rocks; EM_SAFARI_ZONE_NORTHEAST/rocks; EM_SAFARI_ZONE_SOUTHWEST/land
emerald,684,SWIRLIX,6,2,no,EM_SAFARI_ZONE_NORTH/land; EM_SAFARI_ZONE_NORTHEAST/rocks; EM_VICTORY_ROAD_1F/land; EM_VICTORY_ROAD_B1F/rocks
emerald,686,INKAY,6,2,no,EM_ARTISAN_CAVE_B1F/land; EM_MT_PYRE_EXTERIOR/land
emerald,688,BINACLE,6,2,no,EM_ARTISAN_CAVE_1F/land; EM_ARTISAN_CAVE_B1F/land; EM_ROUTE114/water; EM_ROUTE118/fishing; EM_SLATEPORT_CITY/water; EM_VICTORY_ROAD_B2F/fishing
emerald,690,SKRELP,6,2,no,EM_METEOR_FALLS_B1F_1R/water; EM_ROUTE103/fishing; EM_ROUTE129/water; EM_ROUTE132/fishing
emerald,691,DRAGALGE,6,48,no,EM_UNDERWATER_ROUTE124/water; EM_UNDERWATER_ROUTE126/water
emerald,694,HELIOPTILE,6,2,no,EM_ARTISAN_CAVE_1F/land; EM_NEW_MAUVILLE_ENTRANCE/land
emerald,696,TYRUNT,6,2,no,EM_GRANITE_CAVE_B2F/rocks; EM_METEOR_FALLS_B1F_1R/land; EM_ROUTE111/rocks; EM_SEAFLOOR_CAVERN_ROOM8/land
emerald,698,AMAURA,6,2,no,EM_ARTISAN_CAVE_B1F/land; EM_SHOAL_CAVE_LOW_TIDE_INNER_ROOM/land
emerald,700,SYLVEON,6,25,no,EM_ARTISAN_CAVE_B1F/land; EM_SAFARI_ZONE_NORTHEAST/rocks; EM_SAFARI_ZONE_SOUTHEAST/land; EM_VICTORY_ROAD_B1F/rocks
emerald,702,DEDENNE,6,15,no,EM_ARTISAN_CAVE_B1F/land; EM_NEW_MAUVILLE_INSIDE/land
emerald,704,GOOMY,6,25,no,EM_ARTISAN_CAVE_B1F/land; EM_SAFARI_ZONE_NORTH/rocks; EM_SAFARI_ZONE_SOUTHWEST/land; EM_VICTORY_ROAD_B1F/rocks
emerald,706,GOODRA,6,50,no,EM_ARTISAN_CAVE_1F/land; EM_VICTORY_ROAD_B1F/land
emerald,708,PHANTUMP,6,2,no,EM_ROUTE104/land; EM_ROUTE114/rocks; EM_ROUTE120/land
emerald,710,PUMPKABOO,6,2,no,EM_ARTISAN_CAVE_1F/land; EM_MT_PYRE_5F/land
emerald,712,BERGMITE,6,2,no,EM_ARTISAN_CAVE_B1F/land; EM_SHOAL_CAVE_LOW_TIDE_INNER_ROOM/land
emerald,714,NOIBAT,6,2,no,EM_ARTISAN_CAVE_1F/land; EM_GRANITE_CAVE_B2F/rocks; EM_METEOR_FALLS_STEVENS_CAVE/land; EM_ROUTE111/rocks
emerald,716,XERNEAS,6,50,yes,EM_ARTISAN_CAVE_B1F/land; EM_SKY_PILLAR_3F/land
emerald,718,ZYGARDE,6,50,yes,EM_METEOR_FALLS_STEVENS_CAVE/land; EM_SKY_PILLAR_5F/land
emerald,720,HOOPA,6,50,yes,EM_MT_PYRE_6F/land; EM_MT_PYRE_SUMMIT/land
emerald,722,ROWLET,7,2,no,EM_ROUTE104/land; EM_ROUTE114/rocks; EM_ROUTE120/land
emerald,724,DECIDUEYE,7,34,no,EM_ARTISAN_CAVE_B1F/land; EM_SKY_PILLAR_5F/land
emerald,726,TORRACAT,7,17,no,EM_MAGMA_HIDEOUT_1F/land; EM_MAGMA_HIDEOUT_3F_2R/land
emerald,728,POPPLIO,7,2,no,EM_ARTISAN_CAVE_1F/land; EM_ARTISAN_CAVE_B1F/land; EM_MOSSDEEP_CITY/water; EM_ROUTE114/fishing; EM_ROUTE131/water; EM_SHOAL_CAVE_LOW_TIDE_INNER_ROOM/fishing
emerald,730,PRIMARINA,7,34,no,EM_ABANDONED_SHIP_ROOMS_B1F/fishing; EM_ARTISAN_CAVE_1F/land; EM_ARTISAN_CAVE_B1F/land; EM_ROUTE103/water; EM_ROUTE122/fishing; EM_ROUTE133/water
emerald,732,TRUMBEAK,7,14,no,EM_ROUTE113/land; EM_ROUTE130/land
emerald,734,YUNGOOS,7,2,no,EM_CAVE_OF_ORIGIN_UNUSED_RUBY_SAPPHIRE_MAP1/land; EM_GRANITE_CAVE_B2F/rocks; EM_MIRAGE_TOWER_4F/land; EM_ROUTE111/rocks
emerald,736,GRUBBIN,7,2,no,EM_ARTISAN_CAVE_B1F/land; EM_ROUTE110/land
emerald,738,VIKAVOLT,7,40,no,EM_ARTISAN_CAVE_1F/land; EM_ARTISAN_CAVE_B1F/land
emerald,740,CRABOMINABLE,7,25,no,EM_ARTISAN_CAVE_B1F/land; EM_SHOAL_CAVE_LOW_TIDE_INNER_ROOM/land
emerald,742,CUTIEFLY,7,2,no,EM_ARTISAN_CAVE_1F/land; EM_ROUTE104/land; EM_ROUTE114/rocks
emerald,744,ROCKRUFF,7,2,no,EM_GRANITE_CAVE_B2F/rocks; EM_METEOR_FALLS_B1F_1R/land; EM_ROUTE111/rocks; EM_SEAFLOOR_CAVERN_ROOM8/land
emerald,746,WISHIWASHI,7,2,no,EM_ROUTE108/water; EM_ROUTE109/fishing; EM_SEAFLOOR_CAVERN_ROOM7/fishing; EM_SEAFLOOR_CAVERN_ROOM7/water
emerald,748,TOXAPEX,7,38,no,EM_ARTISAN_CAVE_1F/land; EM_ARTISAN_CAVE_B1F/land; EM_METEOR_FALLS_1F_2R/fishing; EM_ROUTE126/fishing; EM_SAFARI_ZONE_SOUTHEAST/water; EM_UNDERWATER_ROUTE126/water
emerald,750,MUDSDALE,7,30,no,EM_SAFARI_ZONE_NORTH/land; EM_SAFARI_ZONE_NORTH/rocks; EM_VICTORY_ROAD_1F/land; EM_VICTORY_ROAD_B1F/rocks
emerald,752,ARAQUANID,7,22,no,EM_ARTISAN_CAVE_1F/land; EM_ARTISAN_CAVE_B1F/land; EM_PETALBURG_CITY/fishing; EM_PETALBURG_CITY/water; EM_ROUTE119/fishing; EM_ROUTE119/water
emerald,754,LURANTIS,7,34,no,EM_ARTISAN_CAVE_1F/land; EM_ARTISAN_CAVE_B1F/land
emerald,756,SHIINOTIC,7,24,no,EM_ARTISAN_CAVE_1F/land; EM_ROUTE119/land
emerald,758,SALAZZLE,7,33,no,EM_ARTISAN_CAVE_1F/land; EM_MAGMA_HIDEOUT_2F_3R/land
emerald,760,BEWEAR,7,27,no,EM_SAFARI_ZONE_NORTHEAST/land; EM_SAFARI_ZONE_NORTHEAST/rocks; EM_VICTORY_ROAD_B1F/land; EM_VICTORY_ROAD_B1F/rocks
emerald,762,STEENEE,7,18,no,EM_ARTISAN_CAVE_1F/land; EM_ROUTE114/rocks; EM_ROUTE119/land
emerald,764,COMFEY,7,22,no,EM_SAFARI_ZONE_NORTH/rocks; EM_SAFARI_ZONE_NORTHWEST/land; EM_VICTORY_ROAD_B1F/land; EM_VICTORY_ROAD_B1F/rocks
emerald,766,PASSIMIAN,7,22,no,EM_SAFARI_ZONE_NORTH/rocks; EM_SAFARI_ZONE_NORTHEAST/rocks; EM_SAFARI_ZONE_SOUTH/land; EM_VICTORY_ROAD_B2F/land
emerald,768,GOLISOPOD,7,30,no,EM_ARTISAN_CAVE_1F/land; EM_ARTISAN_CAVE_B1F/land; EM_DEWFORD_TOWN/fishing; EM_METEOR_FALLS_1F_2R/water; EM_ROUTE123/fishing; EM_ROUTE128/water
emerald,770,PALOSSAND,7,42,no,EM_ARTISAN_CAVE_1F/land; EM_ARTISAN_CAVE_B1F/land
emerald,772,TYPE_NULL,7,50,yes,EM_ARTISAN_CAVE_1F/land; EM_SKY_PILLAR_5F/land
emerald,774,MINIOR,7,2,no,EM_GRANITE_CAVE_B2F/rocks; EM_METEOR_FALLS_1F_1R/land; EM_ROUTE111/rocks; EM_SEAFLOOR_CAVERN_ROOM6/land
emerald,776,TURTONATOR,7,22,no,EM_MAGMA_HIDEOUT_2F_1R/land; EM_MAGMA_HIDEOUT_4F/land
emerald,778,MIMIKYU,7,22,no,EM_MT_PYRE_4F/land; EM_SKY_PILLAR_5F/land
emerald,780,DRAMPA,7,22,no,EM_ARTISAN_CAVE_B1F/land; EM_SAFARI_ZONE_NORTHEAST/rocks; EM_SAFARI_ZONE_SOUTHEAST/land; EM_VICTORY_ROAD_B1F/rocks
emerald,782,JANGMO_O,7,25,no,EM_DESERT_UNDERPASS/land; EM_SEAFLOOR_CAVERN_ROOM6/land
emerald,784,KOMMO_O,7,45,no,EM_ARTISAN_CAVE_B1F/land; EM_METEOR_FALLS_STEVENS_CAVE/land
emerald,786,TAPU_LELE,7,50,yes,EM_ARTISAN_CAVE_B1F/land; EM_SKY_PILLAR_3F/land
emerald,788,TAPU_FINI,7,50,yes,EM_SEAFLOOR_CAVERN_ROOM8/land; EM_SHOAL_CAVE_LOW_TIDE_INNER_ROOM/land; EM_UNDERWATER_ROUTE124/water; EM_UNDERWATER_ROUTE126/water
emerald,790,COSMOEM,7,50,yes,EM_ARTISAN_CAVE_B1F/land; EM_SKY_PILLAR_3F/land
emerald,792,LUNALA,7,53,yes,EM_MT_PYRE_6F/land; EM_MT_PYRE_SUMMIT/land
emerald,794,BUZZWOLE,7,2,yes,EM_ARTISAN_CAVE_B1F/land; EM_VICTORY_ROAD_B1F/land
emerald,796,XURKITREE,7,2,yes,EM_SKY_PILLAR_1F/land; EM_SKY_PILLAR_3F/land
emerald,798,KARTANA,7,2,yes,EM_ARTISAN_CAVE_B1F/land; EM_VICTORY_ROAD_1F/land
emerald,800,NECROZMA,7,50,yes,EM_ARTISAN_CAVE_B1F/land; EM_SKY_PILLAR_3F/land
emerald,802,MARSHADOW,7,50,yes,EM_MT_PYRE_6F/land; EM_MT_PYRE_SUMMIT/land
emerald,804,NAGANADEL,7,25,yes,EM_ARTISAN_CAVE_B1F/land; EM_VICTORY_ROAD_1F/land
emerald,806,BLACEPHALON,7,2,yes,EM_SKY_PILLAR_1F/land; EM_VICTORY_ROAD_1F/land
emerald,808,MELTAN,7,50,yes,EM_METEOR_FALLS_STEVENS_CAVE/land; EM_SKY_PILLAR_5F/land
emerald,810,GROOKEY,8,2,no,EM_ARTISAN_CAVE_B1F/land; EM_ROUTE114/land; EM_ROUTE114/rocks
emerald,812,RILLABOOM,8,35,no,EM_ARTISAN_CAVE_1F/land; EM_ARTISAN_CAVE_B1F/land
emerald,814,RABOOT,8,16,no,EM_ARTISAN_CAVE_1F/land; EM_MAGMA_HIDEOUT_2F_3R/land
emerald,816,SOBBLE,8,2,no,EM_ARTISAN_CAVE_1F/land; EM_ARTISAN_CAVE_B1F/land; EM_ROUTE102/fishing; EM_ROUTE102/water; EM_ROUTE120/fishing; EM_ROUTE120/water
emerald,818,INTELEON,8,35,no,EM_ABANDONED_SHIP_ROOMS_B1F/fishing; EM_ARTISAN_CAVE_1F/land; EM_ARTISAN_CAVE_B1F/land; EM_ROUTE122/fishing; EM_ROUTE122/water; EM_VICTORY_ROAD_B2F/water
emerald,820,GREEDENT,8,24,no,EM_ARTISAN_CAVE_1F/land; EM_ROUTE121/land
emerald,822,CORVISQUIRE,8,18,no,EM_ARTISAN_CAVE_B1F/land; EM_ROUTE123/land
emerald,824,BLIPBUG,8,2,no,EM_ARTISAN_CAVE_B1F/land; EM_ROUTE114/land; EM_ROUTE114/rocks
emerald,826,ORBEETLE,8,30,no,EM_ARTISAN_CAVE_1F/land; EM_ARTISAN_CAVE_B1F/land
emerald,828,THIEVUL,8,18,no,EM_MT_PYRE_3F/land; EM_SKY_PILLAR_3F/land
emerald,830,ELDEGOSS,8,20,no,EM_ARTISAN_CAVE_1F/land; EM_ROUTE114/rocks; EM_ROUTE119/land
emerald,832,DUBWOOL,8,24,no,EM_ARTISAN_CAVE_B1F/land; EM_SAFARI_ZONE_NORTHEAST/rocks; EM_SAFARI_ZONE_SOUTHEAST/land; EM_VICTORY_ROAD_B1F/rocks
emerald,834,DREDNAW,8,22,no,EM_ARTISAN_CAVE_1F/land; EM_ARTISAN_CAVE_B1F/land; EM_ROUTE117/fishing; EM_ROUTE117/water; EM_SOOTOPOLIS_CITY/fishing; EM_SOOTOPOLIS_CITY/water
emerald,836,BOLTUND,8,25,no,EM_ARTISAN_CAVE_1F/land; EM_NEW_MAUVILLE_ENTRANCE/land
emerald,838,CARKOL,8,18,no,EM_CAVE_OF_ORIGIN_ENTRANCE/land; EM_GRANITE_CAVE_B2F/rocks; EM_MIRAGE_TOWER_4F/land; EM_ROUTE111/rocks
emerald,840,APPLIN,8,2,no,EM_ARTISAN_CAVE_1F/land; EM_ROUTE104/land; EM_ROUTE114/rocks
emerald,842,APPLETUN,8,25,no,EM_ARTISAN_CAVE_1F/land; EM_ROUTE119/land
emerald,844,SANDACONDA,8,36,no,EM_CAVE_OF_ORIGIN_1F/land; EM_SEAFLOOR_CAVERN_ROOM1/land
emerald,846,ARROKUDA,8,2,no,EM_ROUTE111/fishing; EM_ROUTE111/water; EM_SAFARI_ZONE_SOUTHWEST/fishing; EM_SAFARI_ZONE_SOUTHWEST/water
emerald,848,TOXEL,8,2,no,EM_CAVE_OF_ORIGIN_UNUSED_RUBY_SAPPHIRE_MAP3/land; EM_GRANITE_CAVE_B2F/rocks; EM_ROUTE111/rocks; EM_RUSTURF_TUNNEL/land
emerald,850,SIZZLIPEDE,8,2,no,EM_ARTISAN_CAVE_B1F/land; EM_MAGMA_HIDEOUT_2F_3R/land
emerald,852,CLOBBOPUS,8,2,no,EM_SAFARI_ZONE_NORTHEAST/rocks; EM_SAFARI_ZONE_NORTHWEST/land; EM_VICTORY_ROAD_B1F/land; EM_VICTORY_ROAD_B1F/rocks
emerald,854,SINISTEA,8,2,no,EM_MT_PYRE_3F/land; EM_SKY_PILLAR_1F/land
emerald,856,HATENNA,8,2,no,EM_ARTISAN_CAVE_1F/land; EM_SAFARI_ZONE_NORTH/rocks; EM_SAFARI_ZONE_NORTHEAST/rocks; EM_SAFARI_ZONE_SOUTHEAST/land
emerald,858,HATTERENE,8,42,no,EM_VICTORY_ROAD_1F/land; EM_VICTORY_ROAD_B2F/land
emerald,860,MORGREM,8,32,no,EM_ARTISAN_CAVE_B1F/land; EM_SKY_PILLAR_5F/land
emerald,862,OBSTAGOON,8,35,no,EM_MOSSDEEP_CITY/land; EM_SOOTOPOLIS_CITY/land
emerald,864,CURSOLA,8,38,no,EM_ARTISAN_CAVE_1F/land; EM_ARTISAN_CAVE_B1F/land; EM_LILYCOVE_CITY/fishing; EM_ROUTE124/fishing; EM_SAFARI_ZONE_SOUTHEAST/water; EM_UNDERWATER_ROUTE126/water
emerald,866,MR_RIME,8,42,no,EM_ARTISAN_CAVE_1F/land; EM_VICTORY_ROAD_B1F/land
emerald,868,MILCERY,8,2,no,EM_ARTISAN_CAVE_B1F/land; EM_SAFARI_ZONE_NORTH/rocks; EM_SAFARI_ZONE_NORTHEAST/rocks; EM_SAFARI_ZONE_SOUTHEAST/land
emerald,870,FALINKS,8,22,no,EM_SAFARI_ZONE_NORTH/land; EM_SAFARI_ZONE_NORTHEAST/rocks; EM_SAFARI_ZONE_SOUTHWEST/land; EM_VICTORY_ROAD_B1F/rocks
emerald,872,SNOM,8,2,no,EM_ARTISAN_CAVE_B1F/land; EM_SHOAL_CAVE_LOW_TIDE_LOWER_ROOM/land
emerald,874,STONJOURNER,8,22,no,EM_SAFARI_ZONE_NORTH/rocks; EM_SAFARI_ZONE_NORTHEAST/rocks; EM_SAFARI_ZONE_NORTHWEST/land; EM_VICTORY_ROAD_B1F/land
emerald,876,INDEEDEE,8,22,no,EM_SAFARI_ZONE_NORTHEAST/rocks; EM_SAFARI_ZONE_SOUTH/land; EM_VICTORY_ROAD_B1F/rocks; EM_VICTORY_ROAD_B2F/land
emerald,878,CUFANT,8,2,no,EM_CAVE_OF_ORIGIN_UNUSED_RUBY_SAPPHIRE_MAP1/land; EM_GRANITE_CAVE_B2F/rocks; EM_MIRAGE_TOWER_4F/land; EM_ROUTE111/rocks
emerald,880,DRACOZOLT,8,2,no,EM_NEW_MAUVILLE_ENTRANCE/land; EM_ROUTE110/land
emerald,882,DRACOVISH,8,2,no,EM_ARTISAN_CAVE_1F/land; EM_ARTISAN_CAVE_B1F/land; EM_ROUTE111/fishing; EM_ROUTE111/water; EM_SAFARI_ZONE_SOUTHWEST/fishing; EM_SAFARI_ZONE_SOUTHWEST/water
emerald,884,DURALUDON,8,30,no,EM_ARTISAN_CAVE_1F/land; EM_SAFARI_ZONE_NORTH/rocks; EM_SAFARI_ZONE_SOUTHEAST/land; EM_VICTORY_ROAD_B1F/rocks
emerald,886,DRAKLOAK,8,50,no,EM_ARTISAN_CAVE_1F/land; EM_DESERT_UNDERPASS/land
emerald,888,ZACIAN,8,50,yes,EM_ARTISAN_CAVE_B1F/land; EM_SKY_PILLAR_3F/land
emerald,890,ETERNATUS,8,50,yes,EM_METEOR_FALLS_STEVENS_CAVE/land; EM_SKY_PILLAR_5F/land
emerald,892,URSHIFU,8,50,yes,EM_MT_PYRE_6F/land; EM_MT_PYRE_SUMMIT/land
emerald,894,REGIELEKI,8,50,yes,EM_ARTISAN_CAVE_1F/land; EM_NEW_MAUVILLE_INSIDE/land
emerald,896,GLASTRIER,8,50,yes,EM_ARTISAN_CAVE_B1F/land; EM_SHOAL_CAVE_LOW_TIDE_ICE_ROOM/land
emerald,898,CALYREX,8,50,yes,EM_ROUTE120/land; EM_SAFARI_ZONE_NORTHEAST/land
emerald,900,KLEAVOR,8,25,no,EM_SAFARI_ZONE_NORTH/land; EM_SAFARI_ZONE_NORTH/rocks; EM_SAFARI_ZONE_SOUTHWEST/land; EM_VICTORY_ROAD_B1F/rocks
emerald,902,BASCULEGION,8,25,no,EM_ROUTE117/fishing; EM_ROUTE117/water; EM_SAFARI_ZONE_SOUTHWEST/fishing; EM_SAFARI_ZONE_SOUTHWEST/water
emerald,904,OVERQWIL,8,25,no,EM_ARTISAN_CAVE_1F/land; EM_ARTISAN_CAVE_B1F/land; EM_LILYCOVE_CITY/fishing; EM_ROUTE110/water; EM_ROUTE125/fishing; EM_SHOAL_CAVE_LOW_TIDE_INNER_ROOM/water
emerald,906,SPRIGATITO,9,2,no,EM_PETALBURG_WOODS/land; EM_ROUTE114/rocks; EM_ROUTE119/land
emerald,908,MEOWSCARADA,9,36,no,EM_SKY_PILLAR_1F/land; EM_SKY_PILLAR_5F/land
emerald,910,CROCALOR,9,16,no,EM_ARTISAN_CAVE_B1F/land; EM_MAGMA_HIDEOUT_2F_3R/land
emerald,912,QUAXLY,9,2,no,EM_ARTISAN_CAVE_1F/land; EM_ARTISAN_CAVE_B1F/land; EM_ROUTE119/fishing; EM_ROUTE119/water; EM_SOOTOPOLIS_CITY/fishing; EM_SOOTOPOLIS_CITY/water
emerald,914,QUAQUAVAL,9,36,no,EM_ARTISAN_CAVE_1F/land; EM_ARTISAN_CAVE_B1F/land; EM_ROUTE111/fishing; EM_SAFARI_ZONE_NORTHWEST/water; EM_SAFARI_ZONE_SOUTHWEST/fishing
emerald,916,OINKOLOGNE,9,18,no,EM_ROUTE115/land; EM_SOOTOPOLIS_CITY/land
emerald,918,SPIDOPS,9,15,no,EM_ARTISAN_CAVE_1F/land; EM_ROUTE114/land; EM_ROUTE114/rocks
emerald,920,LOKIX,9,24,no,EM_ARTISAN_CAVE_1F/land; EM_ROUTE119/land
emerald,922,PAWMO,9,18,no,EM_ARTISAN_CAVE_1F/land; EM_NEW_MAUVILLE_ENTRANCE/land
emerald,924,TANDEMAUS,9,2,no,EM_ROUTE102/land; EM_SLATEPORT_CITY/land
emerald,926,FIDOUGH,9,2,no,EM_SAFARI_ZONE_NORTH/land; EM_SAFARI_ZONE_NORTH/rocks; EM_VICTORY_ROAD_1F/land; EM_VICTORY_ROAD_B1F/rocks
emerald,928,SMOLIV,9,2,no,EM_ARTISAN_CAVE_B1F/land; EM_ROUTE114/rocks; EM_ROUTE119/land
emerald,930,ARBOLIVA,9,35,no,EM_ARTISAN_CAVE_1F/land; EM_ARTISAN_CAVE_B1F/land
emerald,932,NACLI,9,2,no,EM_GRANITE_CAVE_B2F/land; EM_GRANITE_CAVE_B2F/rocks; EM_ROUTE111/rocks; EM_SEAFLOOR_CAVERN_ROOM4/land
emerald,934,GARGANACL,9,38,no,EM_DESERT_UNDERPASS/land; EM_METEOR_FALLS_B1F_2R/land
emerald,936,ARMAROUGE,9,25,no,EM_DESERT_UNDERPASS/land; EM_SEAFLOOR_CAVERN_ROOM6/land
emerald,938,TADBULB,9,2,no,EM_ARTISAN_CAVE_1F/land; EM_NEW_MAUVILLE_INSIDE/land
emerald,940,WATTREL,9,2,no,EM_NEW_MAUVILLE_ENTRANCE/land; EM_ROUTE110/land
emerald,942,MASCHIFF,9,2,no,EM_CAVE_OF_ORIGIN_UNUSED_RUBY_SAPPHIRE_MAP1/land; EM_GRANITE_CAVE_B2F/rocks; EM_MIRAGE_TOWER_4F/land; EM_ROUTE111/rocks
emerald,944,SHROODLE,9,2,no,EM_ARTISAN_CAVE_1F/land; EM_NEW_MAUVILLE_ENTRANCE/land
emerald,946,BRAMBLIN,9,2,no,EM_ARTISAN_CAVE_B1F/land; EM_MT_PYRE_EXTERIOR/land
emerald,948,TOEDSCOOL,9,2,no,EM_PETALBURG_WOODS/land; EM_ROUTE114/rocks; EM_ROUTE119/land
emerald,950,KLAWF,9,2,no,EM_GRANITE_CAVE_B2F/rocks; EM_METEOR_FALLS_1F_1R/land; EM_ROUTE111/rocks; EM_SEAFLOOR_CAVERN_ROOM6/land
emerald,952,SCOVILLAIN,9,25,no,EM_ARTISAN_CAVE_1F/land; EM_SAFARI_ZONE_NORTHEAST/rocks; EM_SAFARI_ZONE_SOUTHEAST/land; EM_VICTORY_ROAD_B1F/rocks
emerald,954,RABSCA,9,25,no,EM_ARTISAN_CAVE_1F/land; EM_ROUTE119/land
emerald,956,ESPATHRA,9,35,no,EM_ARTISAN_CAVE_B1F/land; EM_SAFARI_ZONE_NORTHEAST/rocks; EM_VICTORY_ROAD_B1F/land; EM_VICTORY_ROAD_B1F/rocks
emerald,958,TINKATUFF,9,24,no,EM_SAFARI_ZONE_NORTHEAST/land; EM_SAFARI_ZONE_NORTHEAST/rocks; EM_VICTORY_ROAD_B1F/land; EM_VICTORY_ROAD_B1F/rocks
emerald,960,WIGLETT,9,2,no,EM_EVER_GRANDE_CITY/fishing; EM_ROUTE115/water; EM_ROUTE124/fishing; EM_UNDERWATER_ROUTE124/water
emerald,962,BOMBIRDIER,9,22,no,EM_SAFARI_ZONE_NORTH/rocks; EM_SAFARI_ZONE_NORTHWEST/land; EM_VICTORY_ROAD_B1F/land; EM_VICTORY_ROAD_B1F/rocks
emerald,964,PALAFIN,9,38,no,EM_EVER_GRANDE_CITY/fishing; EM_ROUTE123/fishing; EM_SAFARI_ZONE_SOUTHEAST/water; EM_UNDERWATER_ROUTE126/water
emerald,966,REVAVROOM,9,40,no,EM_ARTISAN_CAVE_1F/land; EM_METEOR_FALLS_1F_2R/land
emerald,968,ORTHWORM,9,22,no,EM_ARTISAN_CAVE_B1F/land; EM_SAFARI_ZONE_NORTH/rocks; EM_SAFARI_ZONE_SOUTHWEST/land; EM_VICTORY_ROAD_B1F/rocks
emerald,970,GLIMMORA,9,35,no,EM_CAVE_OF_ORIGIN_UNUSED_RUBY_SAPPHIRE_MAP1/land; EM_SEAFLOOR_CAVERN_ROOM3/land
emerald,972,HOUNDSTONE,9,30,no,EM_MT_PYRE_SUMMIT/land; EM_SKY_PILLAR_5F/land
emerald,974,CETODDLE,9,2,no,EM_CAVE_OF_ORIGIN_UNUSED_RUBY_SAPPHIRE_MAP1/land; EM_GRANITE_CAVE_B2F/rocks; EM_MIRAGE_TOWER_4F/land; EM_ROUTE111/rocks
emerald,976,VELUZA,9,22,no,EM_ARTISAN_CAVE_1F/land; EM_ARTISAN_CAVE_B1F/land; EM_ROUTE103/fishing; EM_ROUTE108/water; EM_ROUTE132/fishing; EM_SEAFLOOR_CAVERN_ROOM7/water
emerald,978,TATSUGIRI,9,22,no,EM_ROUTE102/fishing; EM_ROUTE102/water; EM_ROUTE120/fishing; EM_ROUTE120/water
emerald,980,CLODSIRE,9,20,no,EM_ARTISAN_CAVE_1F/land; EM_ARTISAN_CAVE_B1F/land; EM_ROUTE102/fishing; EM_ROUTE102/water; EM_SAFARI_ZONE_NORTHWEST/fishing; EM_SAFARI_ZONE_NORTHWEST/water
emerald,982,DUDUNSPARCE,9,25,no,EM_ARTISAN_CAVE_B1F/land; EM_SEAFLOOR_CAVERN_ROOM1/land
emerald,984,GREAT_TUSK,9,2,no,EM_GRANITE_CAVE_B2F/rocks; EM_METEOR_FALLS_B1F_1R/land; EM_ROUTE111/rocks; EM_SEAFLOOR_CAVERN_ROOM8/land
emerald,986,BRUTE_BONNET,9,2,no,EM_MT_PYRE_4F/land; EM_SKY_PILLAR_5F/land
emerald,988,SLITHER_WING,9,2,no,EM_ROUTE104/land; EM_ROUTE114/rocks; EM_ROUTE120/land
emerald,990,IRON_TREADS,9,2,no,EM_CAVE_OF_ORIGIN_UNUSED_RUBY_SAPPHIRE_MAP1/land; EM_GRANITE_CAVE_B2F/rocks; EM_MIRAGE_TOWER_4F/land; EM_ROUTE111/rocks
emerald,992,IRON_HANDS,9,2,no,EM_ARTISAN_CAVE_B1F/land; EM_NEW_MAUVILLE_INSIDE/land
emerald,994,IRON_MOTH,9,2,no,EM_MAGMA_HIDEOUT_2F_1R/land; EM_MAGMA_HIDEOUT_4F/land
emerald,996,FRIGIBAX,9,25,no,EM_ARTISAN_CAVE_B1F/land; EM_SEAFLOOR_CAVERN_ROOM1/land
emerald,998,BAXCALIBUR,9,54,no,EM_ARTISAN_CAVE_B1F/land; EM_METEOR_FALLS_STEVENS_CAVE/land
emerald,1000,GHOLDENGO,9,25,no,EM_MT_PYRE_2F/land; EM_SKY_PILLAR_1F/land
emerald,1002,CHIEN_PAO,9,50,yes,EM_ARTISAN_CAVE_B1F/land; EM_SHOAL_CAVE_LOW_TIDE_ICE_ROOM/land
emerald,1004,CHI_YU,9,50,yes,EM_MT_PYRE_6F/land; EM_MT_PYRE_SUMMIT/land
emerald,1006,IRON_VALIANT,9,2,no,EM_SAFARI_ZONE_NORTH/rocks; EM_SAFARI_ZONE_NORTHEAST/rocks; EM_SAFARI_ZONE_NORTHWEST/land; EM_VICTORY_ROAD_B1F/land
emerald,1008,MIRAIDON,9,50,yes,EM_ARTISAN_CAVE_1F/land; EM_NEW_MAUVILLE_INSIDE/land
emerald,1010,IRON_LEAVES,9,2,no,EM_PETALBURG_WOODS/land; EM_ROUTE114/rocks; EM_ROUTE120/land
emerald,1012,POLTCHAGEIST,9,2,no,EM_MT_PYRE_4F/land; EM_SKY_PILLAR_5F/land
emerald,1014,OKIDOGI,9,50,yes,EM_ROUTE120/land; EM_SAFARI_ZONE_NORTHEAST/land
emerald,1016,FEZANDIPITI,9,50,yes,EM_ROUTE120/land; EM_SAFARI_ZONE_NORTHEAST/land
emerald,1018,ARCHALUDON,9,25,no,EM_ARTISAN_CAVE_1F/land; EM_SAFARI_ZONE_NORTHEAST/rocks; EM_SAFARI_ZONE_SOUTHEAST/land; EM_VICTORY_ROAD_B1F/rocks
emerald,1020,GOUGING_FIRE,9,2,no,EM_MAGMA_HIDEOUT_2F_1R/land; EM_MAGMA_HIDEOUT_4F/land
emerald,1022,IRON_BOULDER,9,2,no,EM_CAVE_OF_ORIGIN_UNUSED_RUBY_SAPPHIRE_MAP1/land; EM_GRANITE_CAVE_B2F/rocks; EM_MIRAGE_TOWER_4F/land; EM_ROUTE111/rocks
emerald,1024,TERAPAGOS,9,50,yes,EM_ARTISAN_CAVE_1F/land; EM_SKY_PILLAR_5F/land
